bill_mm,bill_en,organization,type,note,draft_availability,omi_note
အဂတိလိုက်စားမှုတိုက်ဖျက်ရေးဥပဒေ ( ပြည်ထောင်စုလွှတ်တော် ဥပဒေအမှတ် ၂၃/၂၀၁၃),Anti-Corruption Law,Anticorruption Commission,Amendment,,,Title:Unofficial translation into English
မြန်မာနိုင်ငံတော်ဗဟိုဘဏ်ဥပဒေ (ပထစဥပဒေအမှတ် ၁၆/၂၀၁၃),Central Bank of Myanmar Law,Central Bank of Myanmar,Amendment,,,Title:Unofficial translation into English
တောင်သူလယ်သမားအခွင့်အရေးကာကွယ်ရေးနှင့် အကျိုးစီပွားမြှင့်တင်ရေးဥပဒေ (ပထစဥပဒေအမှတ် ၃၂/၂၀၁၃),Law for Protection and Promotion of Farmers’ Rights,"Ministry of Agriculture, Livestock Breeding and Irrigation",Amendment,,,Title:Unofficial translation into English
မြေလွတ်၊ မြေလပ်နှင့် မြေရိုင်းများ စီမံခန့်ခွဲရေးဥပဒေ ( ပထစဥပဒေအမှတ် ၁၀/၂၀၁၂),"Fallow, Vacant and Virgin Land Managment Law","Ministry of Agriculture, Livestock Breeding and Irrigation",Amendment,,,Title:Unofficial translation into English
မြန်မာ့လယ်ယာဖွံ့ဖြိုးရေးဘဏ်ဥပဒေ ( နဝတ ဥပဒေအမှတ် ၁၇/၁၉၉၀) (ယခင် အမည် မြန်မာ့စိုက်ပျိုးရေးနှင့် ကျေးလက်ဖွံ့ဖြိုးရေးဘဏ် ဥပဒေကို နဝတ ဥပဒေအမှတ် ၃/၁၉၉၇ ဖြင့် ပြင်ထားပါသည်),Myanmar Agricultural Development Bank Law,"Ministry of Agriculture, Livestock Breeding and Irrigation",Amendment,,,Title:Unofficial translation into English
လယ်ယာမြေဥပဒေ (ပထစဥပဒေအမှတ် ၁၁/၂၀၁၂),Farmland Law,"Ministry of Agriculture, Livestock Breeding and Irrigation",Amendment,,,Title:Unofficial translation into English
ပြည်ထောင်စုတိုင်းရင်းသားလူမျိုးများ ဖွံ့ဖြိုးတိုးတက်ရေးတက္ကသိုလ်ဥပဒေ (နဝတဥပဒေအမှတ် ၉/၁၉၉၁),Ethnic Nationalities Development University Law,Ministry of Border Affairs,Amendment,,,Title:Unofficial translation into English
မြန်မာနိုင်ငံအင်ဂျင်နီယာကောင်စီဥပဒေ (ပထစဥပဒေအမှတ် ၃၇/၂၀၁၃),Myanmar Engineer Council Law,Ministry of Construction,Amendment,,,Title:Unofficial translation into English
၁၉၇၃ခုနှစ်၊ ပြည်ထောင်စုမြန်မာနိုင်ငံစာစစ်အဖွဲ့ဥပဒေ ( ဥပဒေအမှတ် ၁၆/၁၉၇၃),Myanmar Exam Board Law,Ministry of Education,Amendment,,Yes,Already under Debate/Title:Unofficial translation into English
၁၉၄၉ ခုနှစ်၊ ပြည်တန်ဆာနှိပ်ကွပ်ရေးအက်ဥပဒေ ( ဥပဒေအမှတ် ၂၄/၁၉၄၉၊ အတွဲ-၄),1949 Anti-Prosecution Law,Ministry of Home Affairs,Amendment,,,Title:Unofficial translation into English
၁၉၆၀ ပြည့်နှစ်၊ မြို့ပြဆိုင်ရာငှားရမ်းခ ကြီးကြပ်ရေး အက်ဥပဒေ ( ဥပဒေအမှတ် ၈/၁၉၆၀),1960 Urban Rental Control Act,Ministry of Home Affairs,Amendment,,,Title:Unofficial translation into English
မူးယစ်ဆေးဝါးနှင့် စိတ်ကိုပြောင်းလဲစေသော ဆေးဝါးများဆိုင်ရာဥပဒေ (နဝတဥပဒေအမှတ် ၁/၁၉၉၃),Law against Illicit Drugs,Ministry of Home Affairs,Amendment,,,Title:Unofficial translation into English
အထူးစုံစမ်းစစ်ဆေးမှုအုပ်ချုပ်ရေးအဖွဲ့နှင့် အထူးစုံစမ်းစစ်ဆေးရေးဌာန အက်ဥပဒေ ( ဥပဒေအမှတ် ၅၀/၁၉၅၁၊ အတွဲ-၂),Special Investigation Bureau Law,Ministry of Home Affairs,Amendment,,,Title:Unofficial translation into English
ရုပ်မြင်သံကြားနှင့် အသံထုတ်လွှင့်ခြင်းဆိုင်ရာဥပဒေ (ပထစဥပဒေအမှတ် ၅၃/၂၀၁၅),Broadcasting Law,Ministry of Information,Amendment,,,Title:Unofficial translation into English
သတင်းမီဒီယာဥပဒေ (၁၂/၂၀၁၄),News Media Law,Ministry of Information,Amendment,,,Title:Unofficial translation into English
၂၀၁၂ ခုနှစ်၊ လူမှုဖူလုံရေးဥပဒေ (ပထစဥပဒေအမှတ် ၁၅/၂၀၁၂),Social Security Law,"Ministry of Labours, Immigration and Population ",Amendment,,,Title:Unofficial translation into English
အလုပ်သမားရေးရာအငြင်းပွားမှုဖြေရှင်းရေးဥပဒေ (ပထစဥပဒေအမှတ် ၅/၂၀၁၂),Labour Dispute Law,"Ministry of Labours, Immigration and Population ",Amendment,,,Title:Unofficial translation into English
အလုပ်အကိုင်ဆိုင်ရာ စာရင်းစစ်တမ်းကောက်ယူခြင်းအက်ဥပဒေ (ဥပဒေအမှတ် ၅၄၊ ၁၉၄၈၊ အတွဲ ၅),Labour Survey Act,"Ministry of Labours, Immigration and Population ",Amendment,,,Title:Unofficial translation into English
တောရိုင်းတိရစ္ဆာန်နှင့် သဘာဝအပင်များ ကာကွယ်ရေးနှင့် သဘာဝနယ်မြေများ ထိန်းသိမ်းရေးဥပဒေ ( နဝတဥပဒေအမှတ် ၆/၁၉၉၄),Wildlife and Natural Plants Conservation Law,Ministry of Natural Resources and Enviromental Conservation,Amendment,,,Title:Unofficial translation into English
မြန်မာ့ကျောက်မျက်ရတနာဥပဒေ (နဝတဥပဒေအမှတ် ၈/၁၉၉၅),Myanmar Gems Law,Ministry of Natural Resources and Enviromental Conservation,Amendment,,,Title:Unofficial translation into English
ရှေးဦးအရွယ်ကလေးသူငယ်ပြုစုပျိုးထောင်ရေးနှင့် ဖွံ့ဖြိုးရေးဆိုင်ရာဥပဒေ (ပထစဥပဒေအမှတ် ၄/၂၀၁၄),Child Development Law,"Ministry of Social Welfare, Relief and Resettlement",Amendment,,,Title:Unofficial translation into English
မော်တော်ယာဉ်ဥပဒေ ( ပထစဥပဒေအမှတ် ၅၅/၂၀၁၅),Automobile Law,Ministry of Transportation and Information and Communications Technology,Amendment,,,Title:Unofficial translation into English
မြန်မာ့ကမ်းရိုးတန်းနှင့် ပြည်တွင်းရေကြောင်းသယ်ယူပို့ဆောင်ရေးလုပ်ငန်းလုပ်ကိုင်ခွင့် ဥပဒေ ( ပထစဥပဒေအမှတ် ၁၀/၂၀၁၅),Coastal and Inland Water Transport License Law,Ministry of Transportation and Information and Communications Technology,Amendment,,Yes,Title:Unofficial translation into English
ရေအရင်းအမြစ်နှင့် မြစ်ချောင်းများ ထိန်းသိမ်းရေးဥပဒေ (နယကဥပဒေအမှတ် ၈/၂၀၀၆),Water Resources and Rivers Conservation Law,Ministry of Transportation and Information and Communications Technology,Amendment,,Yes,Title:Unofficial translation into English
၁၉၇၃ခုနှစ်၊ စကားရပ်များအနက် အဓိပ္ပာယ်ဖွင့်ဆိုရေးဥပဒေ ( ဥပဒေအမှတ် ၂၂/၁၉၇၃),1973 Interpretation of Terms Law,President Office,Amendment,,,Title:Unofficial translation into English
ဥပဒေဘာသာပြန်ကော်မရှင်ဥပဒေ (ပထစဥပဒေအမှတ် ၂၅/၂၀၁၅),Legal Translation Commission Law,Union Attorney-General Office,Amendment,,Yes,Title:Unofficial translation into English
ပြည်ထောင်စုစာရင်းစစ်ချုပ်ဥပဒေ (ဥပဒေအမှတ် ၂၃/၂၀၁၀),Union Attorney-General Law,Union Auditor-General Office,Amendment,,,Title:Unofficial translation into English
မြန်မာနိုင်ငံစာရင်းကောင်စီဥပဒေ (ပထစဥပဒေအမှတ် ၃၁/၂၀၁၅),Myanmar Statistics Council Law,Union Auditor-General Office,Amendment,,Yes,Title:Unofficial translation into English
တိုင်းဒေသကြီး/ပြည်နယ်လွှတ်တော်ရွေးကောက်ပွဲဥပဒေ ( ဥပဒေအမှတ် ၅/၂၀၁၀),Region/State Hluttaw Election Law,Union Election Commission,Amendment,,,Title:Unofficial translation into English
ပြည်ထောင်စုရွေးကောက်ပွဲကော်မရှင်ဥပဒေ (ပြည်ထောင်စုလွှတ်တော် ဥပဒေအမှတ် ၃/၂၀၁၂),Union Election Commission Law,Union Election Commission,Amendment,,Yes,Title:Unofficial translation into English
ပြည်သူ့လွှတ်တော်ရွေးကောက်ပွဲဥပဒေ ( ဥပဒေအမှတ် ၃/၂၀၁၀),Pyithu Hluttaw Election Law,Union Election Commission,Amendment,,,Title:Unofficial translation into English
အမျိုးသားလွှတ်တော်ရွေးကောက်ပွဲဥပဒေ ( ဥပဒေအမှတ် ၄/၂၀၁၀),Amyotha Hluttaw Election Law,Union Election Commission,Amendment,,,Title:Unofficial translation into English
တိုင်းဒေသကြီး သို့မဟုတ် ပြည်နယ်အစိုးရအဖွဲ့ဥပဒေ (နာယကဥပဒေအမှတ် ၁၆/၂၀၁၀),Region or State Government Law,Union Government Office,Amendment,,,Title:Unofficial translation into English
ဥပဒေဆိုင်ရာအထောက်အကူပေးရေးဥပဒေ (ပထစဥပဒေအမှတ် ၁၀/၂၀၁၆),Legal Aid Law,Union Supreme Court,Amendment,,,Title:Unofficial translation into English
ကျေးလက်ဒေသဖွံ့ဖြိုးရေးဥပဒေ,Rural Development Law,"Ministry of Agriculture, Livestock Breeding and Irrigation",New Draft,,,Title:Unofficial translation into English
တံတားကြီးများဥပဒေ,Bridges Law,Ministry of Construction,New Draft,,,Title:Unofficial translation into English
မြို့ပြနှင့်ဒေသဖွံ့ဖြိုးရေးစီမံကိန်းဥပဒေ,Urban and Regional Development Law,Ministry of Construction,New Draft,,,Title:Unofficial translation into English
အဆောက်အအုံနှင့် ဆောက်လုပ်မှုကဏ္ဍဖွံ့ဖြိုးရေးဥပဒေ,Building and Construction Development Law,Ministry of Construction,New Draft,,,Title:Unofficial translation into English
အမျိုးသားအိမ်ရာဖွံ့ဖြိုးရေးဥပဒေ,National Housing Development Law,Ministry of Construction,New Draft,,,Title:Unofficial translation into English
အိမ်ခြံမြေဝန်ဆောင်မှုလုပ်ငန်းဆိုင်ရာဥပဒေ,Real Estate Law,Ministry of Construction,New Draft,,,Title:Unofficial translation into English
ကုန်အမှတ်တံဆိပ်ဥပဒေ,Trademark Law,Ministry of Education,New Draft,,,Title:Unofficial translation into English
တိကျစွာတိုင်းတာခြင်းနည်းပညာဥပဒေ,Metrology Law,Ministry of Education,New Draft,,,Title:Unofficial translation into English
ရေနံလက်ယက်တွင်းဆိုင်ရာဥပဒေ,Small-scale Petroleum Mining Law,Ministry of Electricity and Energy,New Draft,,,Title:Unofficial translation into English
HIV ပိုး ကူးစက်ခံရသူများ၏ အခွင့်အရေးဆိုင်ရာဥပဒေ,Rights of HIV Patients Law,Ministry of Health and Sports,New Draft,,,Title:Unofficial translation into English
ဆေးပစ္စည်းကိရိယာဥပဒေ,Medical Equipment Law,Ministry of Health and Sports,New Draft,,,Title:Unofficial translation into English
တိုင်းရင်းဆေးပညာဖြင့် ပုဂ္ဂလိက ကျန်းမာရေးစောင့်ရှောက်မှုလုပ်ငန်းဆိုင်ရာဥပဒေ,Private Healthcare with Traditional Medicines Law,Ministry of Health and Sports,New Draft,,,Title:Unofficial translation into English
ဓာတ်ခွဲခန်းဆိုင်ရာအရည်အသွေးစစ်ဆေးရေးဥပဒေ,Laboratory Quality Law,Ministry of Health and Sports,New Draft,,,Title:Unofficial translation into English
မြန်မာနိုင်ငံ ကျန်းမာရေးမှူးကောင်စီဥပဒေ,Myanmar Public Health Council Law,Ministry of Health and Sports,New Draft,,,Title:Unofficial translation into English
မြန်မာနိုင်ငံဆေးဝါးကောင်စီဥပဒေ,Myanmar Medical Council Law,Ministry of Health and Sports,New Draft,,,Title:Unofficial translation into English
အမျိုးသားကျန်းမာရေးအာမခံဥပဒေ,National Health Insurance Law,Ministry of Health and Sports,New Draft,,,Title:Unofficial translation into English
အလှကုန်ပစ္စည်းဥပဒေ,Cosmetics Law,Ministry of Health and Sports,New Draft,,,Title:Unofficial translation into English
ခရိုင်နှင့် တိုင်းဒေသကြီး/ပြည်နယ် အုပ်ချုပ်ရေးဆိုင်ရာ ဥပဒေများ (ဒီမိုကရေစီ ဒေသန္တရအုပ်ချုပ်ရေး ဥပဒေ),Laws concerning District and Region/State Governance Laws,Ministry of Home Affairs,New Draft,,,Title:Unofficial translation into English
နိုင်ငံသားများ၏ ပုဂ္ဂိုလ်ဆိုင်ရာ လွတ်လပ်မှုနှင့် လုံခြုံမှုကို ကာကွယ်ပေးရေးဥပဒေ,Citizens’ Privacy and Safety Protection Law,Ministry of Home Affairs,New Draft,,Yes,Title:Unofficial translation into English
မြို့နယ်အုပ်ချုပ်ရေးဥပဒေ,Township Administration Law,Ministry of Home Affairs,New Draft,,,Title:Unofficial translation into English
မြန်မာ့အသံနှင့် ရုပ်မြင်သံကြားကို အများပြည်သူ ဝန်ဆောင်မှုလုပ်ငန်းအဖြစ်သို့ ပြောင်းလဲသည့် ဥပဒေ,Law transforming MRTV into Public Service Broadcasting,Ministry of Information,New Draft,,,Title:Unofficial translation into English
နိုင်ငံခြားသားအလုပ်သမားဆိုင်ရာဥပဒေ,Foreign Workers Law,"Ministry of Labours, Immigration and Population ",New Draft,,,Title:Unofficial translation into English
လုပ်ငန်းခွင်အန္တရာယ် ကင်းရှင်းရေးနှင့် ကျန်းမာရေးဥပဒေ,Jobsite Safety and Healthcare Law,"Ministry of Labours, Immigration and Population ",New Draft,,,Title:Unofficial translation into English
စာရင်းအင်းဥပဒေ,Statistics Law,Ministry of Planning and Finance,New Draft,,Yes,Title:Unofficial translation into English
ပစ္စည်းခွန်ဥပဒေ,Excise Tax Law,Ministry of Planning and Finance,New Draft,,,Title:Unofficial translation into English
ပြည်သူ့ဘဏ္ဍာငွေ စီမံခန့်ခွဲရေးဆိုင်ရာဥပဒေ,Public Finance Management Law,Ministry of Planning and Finance,New Draft,,,Title:Unofficial translation into English
မြန်မာ့ပုဂ္ဂလိကပိုင်ပြုရေးဥပဒေ,Myanmar Privatization Law,Ministry of Planning and Finance,New Draft,,,Title:Unofficial translation into English
အစိုးရအောင်ဘလေထီဥပဒေ,Government Lottery Law,Ministry of Planning and Finance,New Draft,,,Title:Unofficial translation into English
အမျိုးသားပြတိုက်နှင့် ပြတိုက်များဥပဒေ,National Museum and Other Museums Law,Ministry of Religious Affairs and Culture,New Draft,,,Title:Unofficial translation into English
အမျိုးသမီးများအား အကြမ်းဖက်မှုမှ ကာကွယ်စောင့်ရှောက်ရေးဥပဒေ,Law Preventing Violence against Women,"Ministry of Social Welfare, Relief and Resettlement",New Draft,,,Title:Unofficial translation into English
ကုန်သွယ်ရေကြောင်းသွားလာရေး တူးမြောင်းဥပဒေ,Canal for Mercantile Purposes Law ,Ministry of Transportation and Information and Communications Technology,New Draft,,,Title:Unofficial translation into English
ပင်လယ်ရေကြောင်း သယ်ယူပို့ဆောင်ရေးလုပ်ငန်း လုပ်ကိုင်ခွင့် ဥပဒေ,Cabotage Law,Ministry of Transportation and Information and Communications Technology,New Draft,,,Title:Unofficial translation into English
မြန်မာနိုင်ငံဆက်သွယ်ရေးကော်မရှင်ဥပဒေ,Myanmar Communications Commission Law,Ministry of Transportation and Information and Communications Technology,New Draft,,,Title:Unofficial translation into English
မြန်မာ့လေဆိပ်များ အာဏာပိုင်ဥပဒေ,Myanmar Airports Authority Law,Ministry of Transportation and Information and Communications Technology,New Draft,,,Title:Unofficial translation into English
ငါးမွေးမြူခြင်းဆိုင်ရာဥပဒေ (နဝတဥပဒေအမှတ် ၁၄/၁၉၈၉ ) ( ဥပဒေအသစ် - ငါးမွေးမြူခြင်းဆိုင်ရာဥပဒေ),Fish Breeding Law,"Ministry of Agriculture, Livestock Breeding and Irrigation",Replacement,,,Title:Unofficial translation into English
တိရစ္ဆာန်ကျန်းမာရေးနှင့် ဖွံ့ဖြိုးရေးဥပဒေ (နဝတဥပဒေအမှတ် ၁၇/၁၉၉၃),Veterinary Law,"Ministry of Agriculture, Livestock Breeding and Irrigation",Replacement,,,Title:Unofficial translation into English
နိုင်ငံခြားငါးဖမ်းရေယာဉ်များ ငါးလုပ်ငန်းလုပ်ကိုင်ခွင့်ဥပဒေ (နဝတဥပဒေအမှတ် ၁၁/၁၉၈၉),Foreign Fishing Vessels Law,"Ministry of Agriculture, Livestock Breeding and Irrigation",Replacement,,,Title:Unofficial translation into English
မြန်မာ့ပင်လယ်ငါးလုပ်ငန်းဥပဒေ(နဝတဥပဒေအမှတ် ၉/ ၁၉၉၀),Myanmar Offshore Fishing Law,"Ministry of Agriculture, Livestock Breeding and Irrigation",Replacement,,,Title:Unofficial translation into English
ရေခွန်နှင့်တာတမံခွန်ဥပဒေ ( ဥပဒေအမှတ် ၁/၁၉၈၂),Water and Dam Tax,"Ministry of Agriculture, Livestock Breeding and Irrigation",Replacement,,,Title:Unofficial translation into English
အပင်ပိုးမွှားကာကွယ်သည့်ဥပဒေ (နဝတဥပဒေအမှတ် ၈/၁၉၉၃),Insects Prevention Law,"Ministry of Agriculture, Livestock Breeding and Irrigation",Replacement,,,Title:Unofficial translation into English
နိုင်ငံတော်ပြည်သူ့အိုးအိမ် ပြန်လည်ထူထောင်ရေးနှင့် မြို့ရွာစည်ပင်ရေးအဖွဲ့အက်ဥပဒေ ( ဥပဒေအမှတ် ၆၃/၁၉၅၁၊ အတွဲ-၄),Public Housing Resettlement and Community Development Act,Ministry of Construction,Replacement,,,Title:Unofficial translation into English
စားသုံးသူအကာအကွယ်ပေးရေးဥပဒေ (ပထစဥပဒေအမှတ် ၁၀/၂၀၁၄),Consumer Rights Protection Law,Ministry of Commerce,Replacement,,,Title:Unofficial translation into English
ပို့ကုန်သွင်းကုန်ဥပဒေ (ပထစဥပဒေအမှတ် ၁၇/ ၂၀၁၂),Import and Export Law,Ministry of Commerce,Replacement,,,Title:Unofficial translation into English
၁၉၇၃ ခုနှစ်၊ ပြည်ထောင်စုမြန်မာနိုင်ငံ ပညာရေးသုတေသနဥပဒေ (ဥပဒေအမှတ် ၁၅/၁၉၇၃),Myanmar Education Research Law,Ministry of Education,Replacement,,,Title:Unofficial translation into English
၁၉၇၃ ခုနှစ်၊ ပြည်ထောင်စုမြန်မာနိုင်ငံ အခြေခံပညာရေးဥပဒေ ( ဥပဒေအမှတ် ၁၄/ ၁၉၇၃),Myanmar Basic Education Law,Ministry of Education,Replacement,,,Title:Unofficial translation into English
၁၉၇၃ ခုနှစ်၊ ပြည်ထောင်စုမြန်မာနိုင်ငံတက္ကသိုလ်ပညာရေးဥပဒေ ( ဥပဒေအမှတ် ၁၃/ ၁၉၇၃),Myanmar University Education Law,Ministry of Education,Replacement,,,Title:Unofficial translation into English
၁၉၇၄ ခုနှစ်၊ ပြည်ထောင်စုမြန်မာနိုင်ငံ စက်မှုစိုက်ပျိုးရေးနှင့် သက်မွေးပညာရေးဥပဒေ (တော်လှန်ရေးကောင်စီ ဥပဒေအမှတ် ၄/ ၁၉၇၄),"Industry, Agriculture and Occupation Law",Ministry of Education,Replacement,,,Title:Unofficial translation into English
ကိုယ်ပိုင်ကျောင်းမှတ်ပုံတင်ဥပဒေ ( ပထစဥပဒေအမှတ် ၁၄/ ၂၀၁၁),Private School Registration Law,Ministry of Education,Replacement,,,Title:Unofficial translation into English
ကွန်ပျူတာပညာဖွံ့ဖြိုးရေးဥပဒေ ( နဝတဥပဒေအမှတ် ၁၀/ ၁၉၉၆),Computer Studies Development Law,Ministry of Education,Replacement,,,Title:Unofficial translation into English
ဘာသာရပ်သင်ကိုယ်ပိုင်သင်တန်းဥပဒေ ( ပထစဥပဒေအမှတ် ၆/၁၉၈၄),Private Tuitions Law,Ministry of Education,Replacement,,,Title:Unofficial translation into English
မြန်မာစာအဖွဲ့ဥပဒေ ( ဥပဒေအမှတ် ၁၁/ ၁၉၇၅),Burmese Language Bureau Law,Ministry of Education,Replacement,,,Title:Unofficial translation into English
မြန်မာနိုင်ငံလေကြောင်းနှင့် အာကာသပညာတက္ကသိုလ်ဥပဒေ (နယကဥပဒေအမှတ် ၂/ ၂၀၀၂),Myanmar Aviation and Space University Law,Ministry of Education,Replacement,,,Title:Unofficial translation into English
သိပ္ပံနှင့်နည်းပညာဖွံ့ဖြိုးရေးဥပဒေ( နဝတဥပဒေအမှတ် ၅/ ၁၉၉၄),Science and Technology Development Law,Ministry of Education,Replacement,,,Title:Unofficial translation into English
အနုမြူစွမ်းအင်ဥပဒေ ( နာယကဥပဒေအမှတ် ၈/ ၁၉၉၈),Nuclear Energy Law,Ministry of Education,Replacement,,,Title:Unofficial translation into English
၁၉၅၇ ခုနှစ်၊ ရေနံဓာတ်သတ္တုပင်ရင်းအခြေအမြစ်များ (တိုးတက်ဖြစ်ထွန်းမှု စည်းမျဉ်းသတ်မှတ်မှု) အက်ဥပဒေ ( ဥပဒေအမှတ် ၅၅/ ၁၉၅၇),Oil Deposit Law,Ministry of Electricity and Energy,Replacement,,,Title:Unofficial translation into English
ပိုင်နက်ပင်လယ်နှင့် ပင်လယ်ဇုန်များဥပဒေ (ဥပဒေအမှတ် ၃/ ၁၉၇၇),Naval Territories Law,Ministry of Foreign,Replacement,,,Title:Unofficial translation into English
၁၉၇၂ ခုနှစ်၊ ပြည်ထောင်စုမြန်မာနိုင်ငံ ပြည်သူ့ကျန်းမာရေးဆိုင်ရာဥပဒေ ( ဥပဒေအမှတ် ၁/ ၁၉၇၂),Public Health Law,Ministry of Health and Sports,Replacement,,,Title:Unofficial translation into English
ကူးစက်ရောဂါများ ကာကွယ်နှိမ်နှင်းရေးဥပဒေ (နဝတဥပဒေအမှတ် ၁/ ၁၉၉၅),Infectious Diseases Prevention Law,Ministry of Health and Sports,Replacement,,,Title:Unofficial translation into English
တိုင်းရင်းဆေးဝါးဥပဒေ ( နဝတဥပဒေအမှတ် ၇/ ၁၉၉၆),Traditional Medicines Law,Ministry of Health and Sports,Replacement,,,Title:Unofficial translation into English
မြန်မာနိုင်ငံ သွားနှင့်ခံတွင်းဆိုင်ရာဆေးကောင်စီဥပဒေ (နာယက (ဥပဒေအမှတ် ၁၅/၂၀၁၁),Myanmar Dental Council Law,Ministry of Health and Sports,Replacement,,,Title:Unofficial translation into English
မြန်မာနိုင်ငံအမျိုးသားအိုလံပစ်ကောင်စီဥပဒေ ( နဝတဥပဒေအမှတ် ၆/ ၁၉၉၃),Myanmar Olympic Council Law,Ministry of Health and Sports,Replacement,,,Title:Unofficial translation into English
အမျိုးသားအစားအသောက်ဥပဒေ (နဝတဥပဒေအမှတ် ၅/ ၁၉၉၇),National Food Law,Ministry of Health and Sports,Replacement,,,Title:Unofficial translation into English
ငွေကြေးခဝါချမှုတိုက်ဖျက်ရေးဥပဒေ ( ပထစဥပဒေအမှတ် ၁၁/၂၀၁၄),Anti- Money Laundering Law,Ministry of Home Affairs,Replacement,,,Title:Unofficial translation into English
ရုပ်ရှင်ဥပဒေ (နဝတဥပဒေအမှတ် ၉/၁၉၉၆),Film Law,Ministry of Home Affairs,Replacement,,,Title:Unofficial translation into English
လူကုန်ကူးမှုတားဆီးကာကွယ်ရေးဥပဒေ (နယကဥပဒေအမှတ် ၅/၂၀၀၅),Anti-Human Trafficking Law,Ministry of Home Affairs,Replacement,,,Title:Unofficial translation into English
လက်နက် (အရေးပေါ်ပြစ်ဒဏ်စီရင်မှု) (ယာယီ) အက်ဥပဒေ (ဥပဒေအမှတ် ၃၁/၁၉၄၉),Arms Act,Ministry of Home Affairs,Replacement,,,Title:Unofficial translation into English
မြန်မာနိုင်ငံဟိုတယ်နှင့်ခရီးသွားလာရေးဥပဒေ (နဝတဥပဒေအမှတ်၁၄/ ၁၉၉၃),Hotels and Tourism Law,Ministry of Hotels and Tourism,Replacement,,,Title:Unofficial translation into English
ပုဂ္ဂလိကစက်မှုလုပ်ငန်းဥပဒေ (၂၂/ ၁၉၉၀),Private Industry Law,Ministry of Industry,Replacement,,,Title:Unofficial translation into English
၁၉၃၄ ခုနှစ် ဆိပ်ကမ်းအလုပ်သမားများ အက်ဥပဒေ,Port Workers Law,"Ministry of Labours, Immigration and Population ",Replacement,,,Title:Unofficial translation into English
၁၉၅၉ ခုနှစ်၊ အလုပ်ခန့်ထားမှုကန့်သတ်ရေးအက်ဥပဒေ (ဥပဒေအမှတ် ၂၉/၁၉၅၉ ခုနှစ်),Employment Restriction Act,"Ministry of Labours, Immigration and Population ",Replacement,,,Title:Unofficial translation into English
ပြည်ပအလုပ်အကိုင်ဆိုင်ရာဥပဒေ (နယကဥပဒေအမှတ် ၃/ ၁၉၉၉),Overseas Employment Law,"Ministry of Labours, Immigration and Population ",Replacement,,,Title:Unofficial translation into English
အလုပ်အကိုင်နှင့်ကျွမ်းကျင်မှုဖွံ့ဖြိုးတိုးတက်ရေးဥပဒေ (ပထစဥပဒေအမှတ် ၂၉/၂၀၁၃),Employment and Capacity Development Law,"Ministry of Labours, Immigration and Population ",Replacement,,,Title:Unofficial translation into English
သစ်တောဥပဒေ ( နဝတဥပဒေအမှတ် ၈/ ၁၉၉၂),Forest Law,Ministry of Natural Resources and Enviromental Conservation,Replacement,,,Title:Unofficial translation into English
ဗဟိုစာရင်းစစ်တမ်းကောက်ယူရေးအာဏာပိုင်အက်ဥပဒေ ( ဥပဒေအမှတ် ၃၄/၁၉၅၂ ခုနှစ်၊ အတွဲ-၅),Central Statistics Authority Act,Ministry of Planning and Finance,Replacement,,,Title:Unofficial translation into English
အမျိုးသားမှတ်တမ်းနှင့်မော်ကွန်းဥပဒေ (၁၈/၁၉၉၀),National Records and Archive Law,Ministry of Planning and Finance,Replacement,,,Title:Unofficial translation into English
၁၉၆၂ ခုနှစ်၊ သမိုင်းဝင်ပုဂ္ဂိုလ်များ၏ အထိမ်းအမှတ်မော်ကွန်းဥပဒေ (ဥပဒေအမှတ် ၄၆/ ၁၉၆၂),Monuments for Historic Persons Law,Ministry of Religious Affairs and Culture,Replacement,,,Title:Unofficial translation into English
၁၉၆၄ ခုနှစ်၊ စာကြည့်တိုက်၊ ပြတိုက်နှင့်ပြပွဲများကြီးကြပ်အုပ်ချုပ်ရေးဥပဒေ (နဝတဥပဒေအမှတ် ၁/၁၉၆၄),"Library, Museum and Exhibition Law",Ministry of Religious Affairs and Culture,Replacement,,,Title:Unofficial translation into English
မြန်မာ့သမိုင်းအဖွဲ့ဥပဒေ ( နဝတဥပဒေအမှတ် ၁၂/ ၁၉၉၁),Myanmar History Bureau Law,Ministry of Religious Affairs and Culture,Replacement,,,Title:Unofficial translation into English
ယဉ်ကျေးမှုအမွေအနှစ်ဒေသများကာကွယ်ထိန်းသိမ်းရေးဥပဒေ ( နာယကဥပဒေအမှတ် ၉/ ၁၉၉၈),Cultural Heritages Preservation Law,Ministry of Religious Affairs and Culture,Replacement,,,Title:Unofficial translation into English
အပြည်ပြည်ဆိုင်ရာ ထေရဝါဒဗုဒ္ဒသာသနာပြုတက္ကသိုလ်ဥပဒေ ( နယကဥပဒေအမှတ် ၁၀/၁၉၉၈),International Threvada Buddhist Missionary University Law,Ministry of Religious Affairs and Culture,Replacement,,,Title:Unofficial translation into English
ကလေးသူငယ်ဥပဒေ( နဝတဥပဒေအမှတ် ၉/၁၉၉၃) ( ဥပဒေအသစ်- ကလေးသူငယ်အခွင့်အရေးဆိုင်ရာဥပဒေ),Child Law,"Ministry of Social Welfare, Relief and Resettlement",Replacement,,,Title:Unofficial translation into English
ပြည်တွင်းရေကြောင်းပို့ဆောင်ရေးအဖွဲ့ဥပဒေ (ပထစဥပဒေအမှတ် ၅၁/၂၀၁၄),Inland Water Transport Authority Law,Ministry of Transportation and Information and Communications Technology,Replacement,,Yes,Title:Unofficial translation into English
နေပြည်တော်စည်ပင်သာယာရေးဥပဒေ (နယကဥပဒေအမှတ် ၄/၂၀၀၉),Nay Pyi Taw Development Law,Nay Pyi Taw City Development Committee,Replacement,,,Title:Unofficial translation into English
ပြည်တွင်းရေကြောင်းပို့ဆောင်ရေးအဖွဲ့ဥပဒေ (ပထစဥပဒေအမှတ် ၅၁/၂၀၁၄),Inland Water Transport Authority Law,Ministry of Transportation and Information and Communications Technology,Revoking,,,Title:Unofficial translation into English
ပြည်သူ့ကောင်စီအဆင့်ဆင့်နှင့် အလုပ်အမှုဆောင်အဖွဲ့အဆင့်ဆင့်တို့၏ တာဝန်နှင့်လုပ်ပိုင်ခွင့်ဥပဒေ (ပြည်သူ့လွှတ်တော်ဥပဒေအမှတ် ၁၃/၁၉၇၇),,Union Government Office,Revoking,ခရိုင်နှင့်မြို့နယ်အုပ်ချုပ်ရေးဥပဒေများ ပြဋ္ဌာန်းပြီးလျှင် ရုပ်သိမ်းရန်,,
၁၉၄၈ ခုနှစ်၊ ချင်းဝိသေသတိုင်း အက်ဥပဒေ ( ဥပဒေအမှတ် ၄၉/၁၉၄၈ ခုနှစ်၊ အတွဲ-၁၃),Chin Characteristics Division Act,Union Government Office,Revoking,ချင်းပြည်နယ်အစိုးရအဖွဲ့က ဥပဒေအသစ်ရေးသားရန် ဆောင်ရွက်ပြီးမှ ရုပ်သိမ်းရန်,,
၁၉၆၂ ခုနှစ်၊ ကောက်ပဲသီးနှံ လယ်ယာခြံထွက်ပစ္စည်းဝယ်ယူမှု စည်းမျဉ်းသတ်မှတ်ရေးဥပဒေ ( ဥပဒေအမှတ် ၄၅/ ၁၉၆၂),Crops and Agricultural Produce Procurement Law,Ministry of Commerce,Revoking,တိကျစွာတိုင်းတာခြင်းနည်းပညာဥပဒေ ပြဋ္ဌာန်းပြီးလျှင် ရုပ်သိမ်းရန်,,
(မူရင်း အင်္ဂလိပ်ဘာသာဖြင့်),"The Weights and Measures of Capacity Act ( India Act, No.31/1871, Vol.V)",Ministry of Commerce,Revoking,တိကျစွာတိုင်းတာခြင်းနည်းပညာဥပဒေ ပြဋ္ဌာန်းပြီးလျှင် ရုပ်သိမ်းရန်,,
(မူရင်း အင်္ဂလိပ်ဘာသာဖြင့်),"The Measuring Basket Standardization Act ( India Act, No.1,1939,Vol.V)",Ministry of Commerce,Revoking,တိကျစွာတိုင်းတာခြင်းနည်းပညာဥပဒေ ပြဋ္ဌာန်းပြီးလျှင် ရုပ်သိမ်းရန်,,
(မူရင်း အင်္ဂလိပ်ဘာသာဖြင့်)," The Measuring of Length Act ( India Act, 2.1889, Vol.V)",Ministry of Commerce,Revoking,တိကျစွာတိုင်းတာခြင်းနည်းပညာဥပဒေ ပြဋ္ဌာန်းပြီးလျှင် ရုပ်သိမ်းရန်,,
(မူရင်း အင်္ဂလိပ်ဘာသာဖြင့်),"The Money Lenders Act, 1945 ( Myanmar Act 27, 1945, Vol.X)",Ministry of Planning and Finance,Revoking,ဖွဲ့စည်းပုံဇယား (၂) အရ တိုင်း/ပြည်နယ်တွင် ဥပဒေပြဋ္ဌာန်းပြီးလျှင် ရုပ်သိမ်းရန်,,
(မူရင်း အင်္ဂလိပ်ဘာသာဖြင့်),"The Dock Workers (Regulation of Employment) Act ( Myanmar Act 13, 1948, Vol.V)","Ministry of Labours, Immigration and Population ",Revoking,ဖွဲ့စည်းပုံဇယား (၂) အရ တိုင်း/ပြည်နယ်များတွင် ကုန်တင်ကုန်ချဥပဒေ ရေးဆွဲပြီးက ရုပ်သိမ်းရန်,,
ရေချိုငါးလုပ်ငန်းဥပဒေ (ဥပဒေအမှတ် ၁/၁၉၉၁),Freshwater Fish Law,"Ministry of Agriculture, Livestock Breeding and Irrigation",Revoking,ဖွဲ့စည်းပုံဇယား (၂)နှင့် ဆိုင် နေပြည်တော်ကောင်စီက ရေချိုငါးလုပ်ငန်းဥပဒေ ပြဋ္ဌာန်းပြီးလျှင် ရုပ်သိမ်းရန်,,
ဆားလုပ်ငန်းဥပဒေ (နဝတ ဥပဒေအမှတ် ၆/၁၉၉၂),Salt Industry Law,Ministry of Natural Resources and Enviromental Conservation,Revoking,ဖွဲ့စည်းပုံဇယား (၂)အရ တိုင်း/ပြည်နယ်ဥပဒေ ပြဋ္ဌာန်းပြီးလျှင် ရုပ်သိမ်းရန်,,
(မူရင်း အင်္ဂလိပ်ဘာသာဖြင့်),"The Ports Act ( India Act 15, 1908, Vol.VII)",Ministry of Transportation and Information and Communications Technology,Revoking,ဖွဲ့စည်းပုံဇယား(၂)နှင့်ဆိုင် တိုင်း/ပြည်နယ်ဆိပ်ခံတံတားဥပဒေများ ပြဋ္ဌာန်းပြီးလျှင် ရုပ်သိမ်းရန်,,
ပင်လယ်ရေကြောင်းသွားလာမှု သဘောတူစာချုပ်များအက်ဥပဒေ ( ဥပဒေအမှတ် ၁၉/၁၉၅၂၊ အတွဲ-၇),Maritime Conventions Law,Ministry of Transportation and Information and Communications Technology,Revoking,မြန်မာနိုင်ငံကုန်သည်သင်္ဘောဥပဒေပြဋ္ဌာန်းပြီးလျှင် ရုပ်သိမ်းရန်,,
(မူရင်း အင်္ဂလိပ်ဘာသာဖြင့်),"The Dock Labourers Act ( India Act 19, 1934, Vol. V)","Ministry of Labours, Immigration and Population ",Revoking,လုပ်ငန်းခွင်ဘေးအန္တရာယ်ကင်းရှင်းရေးဥပဒေဖြင့် ရုပ်သိမ်းရန်,,
(မူရင်း အင်္ဂလိပ်ဘာသာဖြင့်),"The Public Accountants Default Act ( India Act 12, 1850, Vol.I)",Union Auditor-General Office,Revoking,ဥပဒေများရုပ်သိမ်းမည့်ဥပဒေဖြင့် ရုပ်သိမ်းရန်,,
(မူရင်း အင်္ဂလိပ်ဘာသာဖြင့်),"The Yangon Hackney Carriages Act ( Myanmar Act 4, 1917, Vol. VII)",Yangon City Development Committee,Revoking,ဥပဒေများရုပ်သိမ်းမည့်ဥပဒေဖြင့် ရုပ်သိမ်းရန်,,
(မူရင်း အင်္ဂလိပ်ဘာသာဖြင့်),"The Yangon Development Trust Act ( India Act 5, 1920, Vol. IV)",Yangon City Development Committee,Revoking,ဥပဒေများရုပ်သိမ်းမည့်ဥပဒေဖြင့် ရုပ်သိမ်းရန်,,
(မူရင်း အင်္ဂလိပ်ဘာသာဖြင့်),"The Yangon Water Works Act ( India Act 19, 1884, Vol. VI)",Yangon City Development Committee,Revoking,ဥပဒေများရုပ်သိမ်းမည့်ဥပဒေဖြင့် ရုပ်သိမ်းရန်,,
နိုင်ငံသားများ၏ အခွင့်အရေးများကို ကာကွယ်စောင့်ရှောက်ပေးသည့်ဥပဒေ ( ဥပဒေအမှတ် ၂/၁၉၇၅),Law Protecting Citizens’ Rights,Union Attorney-General Office,Revoking,ဥပဒေများရုပ်သိမ်းမည့်ဥပဒေဖြင့် ရုပ်သိမ်းရန်/Title:Unofficial translation into English,,
စည်ပင်သာယာရေးဥပဒေ ( ၅/၁၉၈၄),Municipal Law,Union Government Office,Revoking,ဥပဒေများရုပ်သိမ်းသည့်ဥပဒေဖြင့် ရုပ်သိမ်းရန်,,
(မူရင်း အင်္ဂလိပ်ဘာသာဖြင့်),"The Chin Special Division ( Extension of Laws) Act,1948 ( Act 48,1948, Vol.XIII)",Union Government Office,Revoking,ဥပဒေများအားလုံးကို အာဏာတည်ရေးကိစ္စရှင်းလင်းပြီးလျှင် ရုပ်သိမ်းရေးဆောင်ရွက်ရန်,,
(မူရင်း အင်္ဂလိပ်ဘာသာဖြင့်),"The State ( Extension of Laws) Act,1948 ( Act 50,1948, Vol.XIII)",Union Government Office,Revoking,ဥပဒေများအားလုံးကို အာဏာတည်ရေးကိစ္စရှင်းလင်းပြီးလျှင် ရုပ်သိမ်းရေးဆောင်ရွက်ရန်,,
(မူရင်း အင်္ဂလိပ်ဘာသာဖြင့်),"The State ( Extension of Laws) Act,1949 ( Act 15,1949, Vol.XIII)",Union Government Office,Revoking,ဥပဒေများအားလုံးကို အာဏာတည်ရေးကိစ္စရှင်းလင်းပြီးလျှင် ရုပ်သိမ်းရေးဆောင်ရွက်ရန်,,
(မူရင်း အင်္ဂလိပ်ဘာသာဖြင့်),"The Kayah State ( Extension of Laws) Act ( Act 35,1949, Vol.XIII)",Union Government Office,Revoking,ဥပဒေများအားလုံးကို အာဏာတည်ရေးကိစ္စရှင်းလင်းပြီးလျှင် ရုပ်သိမ်းရေးဆောင်ရွက်ရန်,,
(မူရင်း အင်္ဂလိပ်ဘာသာဖြင့်),"The ThanlwinDistrict ( Extension of Laws) Act,1949 (Act 61,1949, Vol.XIII)",Union Government Office,Revoking,ဥပဒေများအားလုံးကို အာဏာတည်ရေးကိစ္စရှင်းလင်းပြီးလျှင် ရုပ်သိမ်းရေးဆောင်ရွက်ရန်,,
(မူရင်း အင်္ဂလိပ်ဘာသာဖြင့်),"The Wa States and Ko Kang State Criminal Law Extension Act, 1955 (Act 31,1955)",Union Government Office,Revoking,ဥပဒေများအားလုံးကို အာဏာတည်ရေးကိစ္စရှင်းလင်းပြီးလျှင် ရုပ်သိမ်းရေးဆောင်ရွက်ရန်,,
(မူရင်း အင်္ဂလိပ်ဘာသာဖြင့်),"The Shan State Criminal Law and Procedure Extension Act, 1959 ( Act 45,1959)",Union Government Office,Revoking,ဥပဒေများအားလုံးကို အာဏာတည်ရေးကိစ္စရှင်းလင်းပြီးလျှင် ရုပ်သိမ်းရေးဆောင်ရွက်ရန်,,
မြန်မာနိုင်ငံကြက်ခြေနီအသင်းဥပဒေ (ပထစဥပဒေအမှတ် ၅၂/၂၀၁၅),"The Partnership Act ( India Act 9, 1932, Vol. IX)",Ministry of Planning and Finance,Amendment,,,
(မူရင်း အင်္ဂလိပ်ဘာသာဖြင့်),"The Bills of Landing Act ( India Act 9,1856, Vol, VII)",Ministry of Transportation and Information and Communications Technology,Amendment,,,
(မူရင်း အင်္ဂလိပ်ဘာသာဖြင့်),"The Carriers Act ( India Act 3, 1865, Vol. VII)",Ministry of Transportation and Information and Communications Technology,Amendment,,,
(မူရင်း အင်္ဂလိပ်ဘာသာဖြင့်),"The Myanmar Carriage of Goods by Sea Act ( India Act 26, 1925, Vol.VII)",Ministry of Transportation and Information and Communications Technology,Amendment,,,
(မူရင်း အင်္ဂလိပ်ဘာသာဖြင့်),"The Myanmar Carriage by Air Act ( India Act 20, 1934, Vol. VII)",Ministry of Transportation and Information and Communications Technology,Amendment,,,
(မူရင်း အင်္ဂလိပ်ဘာသာဖြင့်),"The Bar Council Act ( India Act 8, 1926, Vol.XI)`",Union Attorney-General Office,Amendment,,,
(မူရင်း အင်္ဂလိပ်ဘာသာဖြင့်),"The Caste Disability Removal Act ( India Act 21, 1850, Vol. XI)",Union Supreme Court,Amendment,,,
(မူရင်း အင်္ဂလိပ်ဘာသာဖြင့်),"The Myanmar Divorce Act ( India Act 4, 1869, Vol, XI)",Union Supreme Court,Amendment,,,
(မူရင်း အင်္ဂလိပ်ဘာသာဖြင့်),"The Christian Marriage Act ( India Act 15, 1872, Vol.XI)",Union Supreme Court,Amendment,,,
(မူရင်း အင်္ဂလိပ်ဘာသာဖြင့်),"The Special Marriage Act ( India Act 3, 1872, Vol,XI)",Union Supreme Court,Amendment,,,
(မူရင်း အင်္ဂလိပ်ဘာသာဖြင့်),"The Guardians and Wards Act ( India Act 8, 1890, Vol,XI)",Union Supreme Court,Amendment,,,
ထောက်ပံ့တင်ပို့မှုအပေါ် အကာအကွယ်ပေးရေးဥပဒေ,Counter vailing Law,Ministry of Commerce,New Draft,,,
ပေါက်စျေးအောက်လျှော့၍ ရောင်းချခြင်းကို တားဆီးရေးဥပဒေ,Anti- Dumping Law,Ministry of Commerce,New Draft,,,
သွင်းကုန်ပမာဏမြင့်တင်ခြင်းမှ အကာအကွယ်ပေးမှုဥပဒေ ,Safeguard Law,Ministry of Commerce,New Draft,,,
တီထွင်မှုမူပိုင်ခွင့်ဥပဒေ,Patent Law,Ministry of Education,New Draft,,,
အစိုးရဝယ်ယူရေးဥပဒေ,Procurement Law,Ministry of Planning and Finance,New Draft,,,
မြန်မာနိုင်ငံလွှတ်တော်အဖွဲ့ဥပဒေ,Myanmar Parliamentary Union Law,Pyidaungsu Hluttaw Office,New Draft,,,
ဥပဒေအသစ်- စာချုပ်စာတမ်းမှတ်ပုံတင်ဥပဒေ,"The Registration Act ( India Act 16, 1908. Vol. X)","Ministry of Agriculture, Livestock Breeding and Irrigation",Replacement,,,
(မူရင်း အင်္ဂလိပ်ဘာသာဖြင့်),"The Boundaries Act ( India Act 5, 1880, Vol. X)","Ministry of Agriculture, Livestock Breeding and Irrigation",Replacement,,,
(မူရင်း အင်္ဂလိပ်ဘာသာဖြင့်),"The Canal Act ( Myanmar Act 2, 1905, Vol. IV)","Ministry of Agriculture, Livestock Breeding and Irrigation",Replacement,,,
(မူရင်း အင်္ဂလိပ်ဘာသာဖြင့်),"The Embankment Act ( India Act 4, 1909, Vol. IV)","Ministry of Agriculture, Livestock Breeding and Irrigation",Replacement,,,
(မူရင်း အင်္ဂလိပ်ဘာသာဖြင့်),"ွှThe Underground Water Act ( India Act 4, 1930, Vol. VI)",Ministry of Construction,Replacement,,,
ဥပဒေအသစ်-မူပိုင်ခွင့်ဥပဒေ,"The Myanmar Copyright Act ( India Act 3, 1914, Vol. X)",Ministry of Education,Replacement,,,
(မူရင်း အင်္ဂလိပ်ဘာသာဖြင့်),"ွှThe Myanmar Patents and Designs ( Emergency Provisions) Act, 1946 ( India Act 1, 1946, Vol. X)",Ministry of Education,Replacement,,,
(မူရင်း အင်္ဂလိပ်ဘာသာဖြင့်),"The Oilfields Act ( Myanmar Act 1, 1918, Vol.V)",Ministry of Electricity and Energy,Replacement,,,
(မူရင်း အင်္ဂလိပ်ဘာသာဖြင့်),"The Petroleum Act ( India Act 30, 1934, Vol. V)",Ministry of Electricity and Energy,Replacement,,,
ဥပဒေအသစ်- စိတ်ကျန်းမာရေးစောင့်ရှောက်မှုဥပဒေ,"The Lunacy Act ( India Act 4, 1912, Vol. IV)",Ministry of Health and Sports,Replacement,,,
(မူရင်း အင်္ဂလိပ်ဘာသာဖြင့်),"The Geneva Convention Implementing Act ( India Act 14, 1936, Vol. V)",Ministry of Health and Sports,Replacement,,,
(မူရင်း အင်္ဂလိပ်ဘာသာဖြင့်),"The Myanmar Medical Degrees Act ( India Act 7, 1916, Vol. IV)",Ministry of Health and Sports,Replacement,,,
ဥပဒေအသစ် - တရားခံလွှဲပြောင်းခြင်းဥပဒေ,"The Myanmar Extradition Act ( India Act, 15, 1903, Vol. I)",Ministry of Home Affairs,Replacement,,,
ဥပဒေအသစ် - ရဲတပ်ဖွဲ့ဥပဒေ,"The Yangon Police Act ( India Act 4, 1899, Vol. I)",Ministry of Home Affairs,Replacement,,,
ဥပဒေအသစ် - ရဲတပ်ဖွဲ့ဥပဒေ,"The Police Act, 1945 (6,1945)",Ministry of Home Affairs,Replacement,,,
ဥပဒေအသစ် - အကျဉ်းထောင်များဥပဒေ,"The Prisons Act ( India Act 9,1894, Vol. I)",Ministry of Home Affairs,Replacement,,,
ဥပဒေအသစ် - အကျဉ်းထောင်များဥပဒေ,"The Prisoners Act ( India Act 3, 1900, Vol. I)",Ministry of Home Affairs,Replacement,,,
ဥပဒေအသစ် - အကျဉ်းထောင်များဥပဒေ,"The Identification of Prisoners Act ( India Act 33, 1920, Vol. I)",Ministry of Home Affairs,Replacement,,,
(မူရင်း အင်္ဂလိပ်ဘာသာဖြင့်),"The Arms Act ( India Act 2, 1878, Vol.II)",Ministry of Home Affairs,Replacement,,,
(မူရင်း အင်္ဂလိပ်ဘာသာဖြင့်),"The Arms (Temporary Amendment ) Act (51,1951)",Ministry of Home Affairs,Replacement,,,
(မူရင်း အင်္ဂလိပ်ဘာသာဖြင့်),"The Land Acquisition Act ( India Act 1, 1894, Vol.XI)",Ministry of Home Affairs,Replacement,,,
(မူရင်း အင်္ဂလိပ်ဘာသာဖြင့်),"The Myanmar Excise Act ( India Act 5, 1917, Vol. III)",Ministry of Home Affairs,Replacement,,,
(မူရင်း အင်္ဂလိပ်ဘာသာဖြင့်),"The Foreigners Act ( India Act 3, 1864, Vol. I)","Ministry of Labours, Immigration and Population ",Replacement,,,
(မူရင်း အင်္ဂလိပ်ဘာသာဖြင့်),"The Registration of Foreigners Act ( Myanmar Act 7, 1940, Vol.I)","Ministry of Labours, Immigration and Population ",Replacement,,,
(မူရင်း အင်္ဂလိပ်ဘာသာဖြင့်),"The Foreigners ( Extension) Act ( Act 11, 1949, Vol. XIII)","Ministry of Labours, Immigration and Population ",Replacement,,,
(မူရင်း အင်္ဂလိပ်ဘာသာဖြင့်),"The Registrationof Foreigners (Extension) Act ( Act 20, 1949, Vol. XIII)","Ministry of Labours, Immigration and Population ",Replacement,,,
(မူရင်း အင်္ဂလိပ်ဘာသာဖြင့်),"The Myanmar Immigration (Emergency Provisions) Act ( Myanmar Act 31, 1947, Vol.I)","Ministry of Labours, Immigration and Population ",Replacement,,,
(မူရင်း အင်္ဂလိပ်ဘာသာဖြင့်),"The Myanmar Immigration (Emergency Provisions) (Extension) Act  (Act 25, 1949, Vol. XIII)","Ministry of Labours, Immigration and Population ",Replacement,,,
(မူရင်း အင်္ဂလိပ်ဘာသာဖြင့်),"The Workmen's Compensation Act ( India Act 8, 1923, Vol. V)","Ministry of Labours, Immigration and Population ",Replacement,,,
(မူရင်း အင်္ဂလိပ်ဘာသာဖြင့်),"The Explosives Act ( India Act 4, 1884, Vol. V)",Ministry of Natural Resources and Enviromental Conservation,Replacement,,,
မြန်မာနိုင်ငံကုမ္ပဏီအက်ဥပဒေ,"ွှThe Myanmar Companies Act ( India Act 7, 1913, Vol. IX)",Ministry of Planning and Finance,Replacement,,,
အထူးကုမ္ပဏီအက်ဥပဒေ ( ဥပဒေအမှတ် ၅၄/၁၉၅၀ ပြည့်နှစ်၊ အတွဲ-၉),Special Company Act,Ministry of Planning and Finance,Replacement,,,
ဥပဒေအသစ်- ပြည်သူ့ဘဏ္ဍာငွေစီမံခန့်ခွဲရေးဆိုင်ရာဥပဒေ,"The Administration of Public Funds Act ( Myanmar Act 3, 1943, Vol. IX)",Ministry of Planning and Finance,Replacement,,,
မြန်မာနိုင်ငံသင်္ဘောများမှတ်ပုံတင်ဥပဒေ,"The Myanmar Registration of Ships Act ( India Act 10, 1841, Vol. VII)",Ministry of Transportation and Information and Communications Technology,Replacement,,,
ဥပဒေအသစ်- မြန်မာနိုင်ငံကုန်သင်္ဘောဆိုင်ရာဥပဒေ,"The Myanmar Merchant Shipping Act ( India Act 21, 1923, Vol. VII)",Ministry of Transportation and Information and Communications Technology,Replacement,,,
(မူရင်း အင်္ဂလိပ်ဘာသာဖြင့်),"The Myanmar Post Office Act ( India Act 6, 1898, Vol. VII)",Ministry of Transportation and Information and Communications Technology,Replacement,,,
ဥပဒေအသစ်- လူမွဲခံယူခြင်းဆိုင်ရာဥပဒေ,"The Yangon Insolvency Act ( India Act 3, 1909, Vol. XI)",Union Supreme Court,Replacement,,,
ဥပဒေအသစ်- လူမွဲခံယူခြင်းဆိုင်ရာဥပဒေ,"The Myanmar Insolvency Act ( India Act 5, 1920, Vol. XI)",Union Supreme Court,Replacement,,,
(မူရင်း အင်္ဂလိပ်ဘာသာဖြင့်),"The Partnership Act ( India Act 9, 1932, Vol. IX)",Ministry of Planning and Finance,Amendment,,,
