MPID,name.x,constituency,Hluttaw,committee.x,position,
,ဒုဗိုလ်မှူးကြီးမောင်မောင်ဦး,,ပြည်သူ့လွှတ်တော်,ပြည်ထောင်စုလွှတ်တော် နိုင်ငံတကာပါလီမန်များညီလာခံဆိုင်ရာ ပူးပေါင်းကော်မတီ,အဖွဲ့ဝင်,
UPMP-02-0037,ဦးဂျေယောဝူ,ကချင်-1,အမျိုးသားလွှတ်တော်,ပြည်ထောင်စုလွှတ်တော် နိုင်ငံတကာပါလီမန်များညီလာခံဆိုင်ရာ ပူးပေါင်းကော်မတီ,အဖွဲ့ဝင်,
LWMP-02-0159,ဦးဦးထွန်းဝင်း,ကျောက်တော်မဲဆန္ဒနယ်,ပြည်သူ့လွှတ်တော်,ပြည်ထောင်စုလွှတ်တော် နိုင်ငံတကာပါလီမန်များညီလာခံဆိုင်ရာ ပူးပေါင်းကော်မတီ,အဖွဲ့ဝင်,
UPMP-02-0067,ဒေါ်နန်းမိုးမိုးထွေး,ကရင်-4,အမျိုးသားလွှတ်တော်,ပြည်ထောင်စုလွှတ်တော် နိုင်ငံတကာပါလီမန်များညီလာခံဆိုင်ရာ ပူးပေါင်းကော်မတီ,အဖွဲ့ဝင်,
LWMP-02-0182,ဦးမျိုးဇော်အောင်,ကောလင်းမဲဆန္ဒနယ်,ပြည်သူ့လွှတ်တော်,ပြည်ထောင်စုလွှတ်တော် နိုင်ငံတကာပါလီမန်များညီလာခံဆိုင်ရာ ပူးပေါင်းကော်မတီ,အဖွဲ့ဝင်,
UPMP-02-0085,ဒေါက်တာသန်းဝင်း,မန္တလေး-1,အမျိုးသားလွှတ်တော်,ပြည်ထောင်စုလွှတ်တော် နိုင်ငံတကာပါလီမန်များညီလာခံဆိုင်ရာ ပူးပေါင်းကော်မတီ,ဥက္ကဋ္ဌ,Updated on 30-01-2017
UPMP-02-0132,ဦးမောင်မောင်လတ်,စစ်ကိုင်း-9,အမျိုးသားလွှတ်တော်,ပြည်ထောင်စုလွှတ်တော် နိုင်ငံတကာပါလီမန်များညီလာခံဆိုင်ရာ ပူးပေါင်းကော်မတီ,အဖွဲ့ဝင်,
LWMP-02-0294,ဦးဘိုဘိုဦး,စမ်းချောင်းမဲဆန္ဒနယ်,ပြည်သူ့လွှတ်တော်,ပြည်ထောင်စုလွှတ်တော် နိုင်ငံတကာပါလီမန်များညီလာခံဆိုင်ရာ ပူးပေါင်းကော်မတီ,အတွင်းရေးမှူး,
UPMP-02-0154,ဦးဇော်ဟိန်း,တနင်္သာရီ-7,အမျိုးသားလွှတ်တော်,ပြည်ထောင်စုလွှတ်တော် နိုင်ငံတကာပါလီမန်များညီလာခံဆိုင်ရာ ပူးပေါင်းကော်မတီ,အဖွဲ့ဝင်,
LWMP-02-0037,ဒေါ်ခင်နှင်းသစ်,ပန်းတောင်းမဲဆန္ဒနယ်,ပြည်သူ့လွှတ်တော်,ပြည်ထောင်စုလွှတ်တော် နိုင်ငံတကာပါလီမန်များညီလာခံဆိုင်ရာ ပူးပေါင်းကော်မတီ,အဖွဲ့ဝင်,
UPMP-02-0078,ဦးချစ်ထွေး,မကွေး-3,အမျိုးသားလွှတ်တော်,ပြည်ထောင်စုလွှတ်တော် နိုင်ငံတကာပါလီမန်များညီလာခံဆိုင်ရာ ပူးပေါင်းကော်မတီ,အဖွဲ့ဝင်,
LWMP-02-0238,ဒေါ်နန်းမိုး,မန်တုံမဲဆန္ဒနယ်,ပြည်သူ့လွှတ်တော်,ပြည်ထောင်စုလွှတ်တော် နိုင်ငံတကာပါလီမန်များညီလာခံဆိုင်ရာ ပူးပေါင်းကော်မတီ,အဖွဲ့ဝင်,
LWMP-02-0256,ဦးစိုင်းငေါင်းဆိုင်ဟိန်း,မောက်မယ်မဲဆန္ဒနယ်,ပြည်သူ့လွှတ်တော်,ပြည်ထောင်စုလွှတ်တော် နိုင်ငံတကာပါလီမန်များညီလာခံဆိုင်ရာ ပူးပေါင်းကော်မတီ,အဖွဲ့ဝင်,
UPMP-02-0166,ဦးရဲမြင့်စိုး,ရန်ကုန်-7,အမျိုးသားလွှတ်တော်,ပြည်ထောင်စုလွှတ်တော် နိုင်ငံတကာပါလီမန်များညီလာခံဆိုင်ရာ ပူးပေါင်းကော်မတီ,အဖွဲ့ဝင်,
UPMP-02-0139,ဦးစိုင်းအုန်းကျော်,ရှမ်း-4,အမျိုးသားလွှတ်တော်,ပြည်ထောင်စုလွှတ်တော် နိုင်ငံတကာပါလီမန်များညီလာခံဆိုင်ရာ ပူးပေါင်းကော်မတီ,အဖွဲ့ဝင်,
LWMP-02-0022,ဦးဇော်သိန်း,ဝါးခယ်မမဲဆန္ဒနယ်,ပြည်သူ့လွှတ်တော်,ပြည်ထောင်စုလွှတ်တော် နိုင်ငံတကာပါလီမန်များညီလာခံဆိုင်ရာ ပူးပေါင်းကော်မတီ,အဖွဲ့ဝင်,
,ဗိုလ်မှူးချုပ်သန်းလွင်,,ပြည်သူ့လွှတ်တော်,ပြည်ထောင်စုလွှတ်တော် ပြည်သူ့ငွေစာရင်းပူးပေါင်းကော်မတီ,အဖွဲ့ဝင်,
UPMP-02-0065,ဦး​စောသန်းထွဋ်,ကရင်-2,အမျိုးသားလွှတ်တော်,ပြည်ထောင်စုလွှတ်တော် ပြည်သူ့ငွေစာရင်းပူးပေါင်းကော်မတီ,ဒုဥက္ကဋ္ဌ (၁),
UPMP-02-0035,ဦးမာန်လောမောင်း,ချင်း-8,အမျိုးသားလွှတ်တော်,ပြည်ထောင်စုလွှတ်တော် ပြည်သူ့ငွေစာရင်းပူးပေါင်းကော်မတီ,အဖွဲ့ဝင်,
LWMP-02-0097,ဦးဘိုကြီး,ချောက်မဲဆန္ဒနယ်,ပြည်သူ့လွှတ်တော်,ပြည်ထောင်စုလွှတ်တော် ပြည်သူ့ငွေစာရင်းပူးပေါင်းကော်မတီ,အဖွဲ့ဝင်,
LWMP-02-0007,ဦးအောင်မင်း,ဇလွန်မဲဆန္ဒနယ်,ပြည်သူ့လွှတ်တော်,ပြည်ထောင်စုလွှတ်တော် ပြည်သူ့ငွေစာရင်းပူးပေါင်းကော်မတီ,ဒုဥက္ကဋ္ဌ (၂),
LWMP-02-0033,ဦးခင်မောင်သန်း,တောင်ငူမဲဆန္ဒနယ်,ပြည်သူ့လွှတ်တော်,ပြည်ထောင်စုလွှတ်တော် ပြည်သူ့ငွေစာရင်းပူးပေါင်းကော်မတီ,တွဲဖက်အတွင်းရေးမှူး,
UPMP-02-0018,​ဒေါ်ရွှေရွှေစိန်လတ်,ပဲခူး-3,အမျိုးသားလွှတ်တော်,ပြည်ထောင်စုလွှတ်တော် ပြည်သူ့ငွေစာရင်းပူးပေါင်းကော်မတီ,အဖွဲ့ဝင်,
LWMP-02-0248,ဦးလင်းဇော်ထွန်း,မိုင်းဖြတ်မဲဆန္ဒနယ်,ပြည်သူ့လွှတ်တော်,ပြည်ထောင်စုလွှတ်တော် ပြည်သူ့ငွေစာရင်းပူးပေါင်းကော်မတီ,အဖွဲ့ဝင်,
LWMP-02-0252,ဦးစိုင်းသီဟကျော်,မိုင်းရယ်မဲဆန္ဒနယ်,ပြည်သူ့လွှတ်တော်,ပြည်ထောင်စုလွှတ်တော် ပြည်သူ့ငွေစာရင်းပူးပေါင်းကော်မတီ,အဖွဲ့ဝင်,
LWMP-02-0202,ဒေါ်ချိုချိုဝင်း,မော်လိုက်မဲဆန္ဒနယ်,ပြည်သူ့လွှတ်တော်,ပြည်ထောင်စုလွှတ်တော် ပြည်သူ့ငွေစာရင်းပူးပေါင်းကော်မတီ,အဖွဲ့ဝင်,
UPMP-02-0111,​ဒေါ်ထုမေ,ရခိုင်-11,အမျိုးသားလွှတ်တော်,ပြည်ထောင်စုလွှတ်တော် ပြည်သူ့ငွေစာရင်းပူးပေါင်းကော်မတီ,အဖွဲ့ဝင်,
UPMP-02-0117,ဦးအေးသာအောင်,ရခိုင်-6,အမျိုးသားလွှတ်တော်,ပြည်ထောင်စုလွှတ်တော် ပြည်သူ့ငွေစာရင်းပူးပေါင်းကော်မတီ,ဥက္ကဋ္ဌ,
UPMP-02-0163,ဦးသန်းစိုး(ခ)သန်းစိုး(ဘောဂဗေဒ),ရန်ကုန်-4,အမျိုးသားလွှတ်တော်,ပြည်ထောင်စုလွှတ်တော် ပြည်သူ့ငွေစာရင်းပူးပေါင်းကော်မတီ,အဖွဲ့ဝင်,
UPMP-02-0141,ဒေါက်တာစိုင်းဆိုင်ကျောက်ဆမ်,ရှမ်း-6,အမျိုးသားလွှတ်တော်,ပြည်ထောင်စုလွှတ်တော် ပြည်သူ့ငွေစာရင်းပူးပေါင်းကော်မတီ,အတွင်းရေးမှူး,
UPMP-02-0040,ဦးနိုင်ကိုကို,ကချင်-12,အမျိုးသားလွှတ်တော်,ပြည်ထောင်စုလွှတ်တော် အာဆီယံပါလီမန်များညီလာခံဆိုင်ရာ ပူးပေါင်းကော်မတီ,အဖွဲ့ဝင်,
LWMP-02-0216,ဒေါ်ပြုံးကေသီနိုင်,ကလောမဲဆန္ဒနယ်,ပြည်သူ့လွှတ်တော်,ပြည်ထောင်စုလွှတ်တော် အာဆီယံပါလီမန်များညီလာခံဆိုင်ရာ ပူးပေါင်းကော်မတီ,အဖွဲ့ဝင်,
LWMP-02-0100,ဦးကံဦး,စလင်းမဲဆန္ဒနယ်,ပြည်သူ့လွှတ်တော်,ပြည်ထောင်စုလွှတ်တော် အာဆီယံပါလီမန်များညီလာခံဆိုင်ရာ ပူးပေါင်းကော်မတီ,အဖွဲ့ဝင်,
LWMP-02-0131,ဦးနိုင်ထူးအောင်,နွားထိုးကြီးမဲဆန္ဒနယ်,ပြည်သူ့လွှတ်တော်,ပြည်ထောင်စုလွှတ်တော် အာဆီယံပါလီမန်များညီလာခံဆိုင်ရာ ပူးပေါင်းကော်မတီ,အဖွဲ့ဝင်,
LWMP-02-0152,ဒေါ်မိကွန်ချမ်း,ပေါင်မဲဆန္ဒနယ်,ပြည်သူ့လွှတ်တော်,ပြည်ထောင်စုလွှတ်တော် အာဆီယံပါလီမန်များညီလာခံဆိုင်ရာ ပူးပေါင်းကော်မတီ,အဖွဲ့ဝင်,
UPMP-02-0015,ဒေါက်တာဝင်းမြင့်,ပဲခူး-11,အမျိုးသားလွှတ်တော်,ပြည်ထောင်စုလွှတ်တော် အာဆီယံပါလီမန်များညီလာခံဆိုင်ရာ ပူးပေါင်းကော်မတီ,အဖွဲ့ဝင်,
UPMP-02-0018,​ဒေါ်ရွှေရွှေစိန်လတ်,ပဲခူး-3,အမျိုးသားလွှတ်တော်,ပြည်ထောင်စုလွှတ်တော် အာဆီယံပါလီမန်များညီလာခံဆိုင်ရာ ပူးပေါင်းကော်မတီ,အဖွဲ့ဝင်,
UPMP-02-0105,ဦးဖေတင်,မွန်-6,အမျိုးသားလွှတ်တော်,ပြည်ထောင်စုလွှတ်တော် အာဆီယံပါလီမန်များညီလာခံဆိုင်ရာ ပူးပေါင်းကော်မတီ,အဖွဲ့ဝင်,
LWMP-02-0242,ဦးစိုင်းဆိုင်မိုင်း,မိုင်းကိုင်မဲဆန္ဒနယ်,ပြည်သူ့လွှတ်တော်,ပြည်ထောင်စုလွှတ်တော် အာဆီယံပါလီမန်များညီလာခံဆိုင်ရာ ပူးပေါင်းကော်မတီ,အဖွဲ့ဝင်,
UPMP-02-0111,​ဒေါ်ထုမေ,ရခိုင်-11,အမျိုးသားလွှတ်တော်,ပြည်ထောင်စုလွှတ်တော် အာဆီယံပါလီမန်များညီလာခံဆိုင်ရာ ပူးပေါင်းကော်မတီ,အဖွဲ့ဝင်,
LWMP-02-0079,ဦးဇာနည်မင်း,ရွှေကူမဲဆန္ဒနယ်,ပြည်သူ့လွှတ်တော်,ပြည်ထောင်စုလွှတ်တော် အာဆီယံပါလီမန်များညီလာခံဆိုင်ရာ ပူးပေါင်းကော်မတီ,အဖွဲ့ဝင်,
UPMP-02-0144,ဦးခွန်သိန်းဖေ,ရှမ်း-9,အမျိုးသားလွှတ်တော်,ပြည်ထောင်စုလွှတ်တော် အာဆီယံပါလီမန်များညီလာခံဆိုင်ရာ ပူးပေါင်းကော်မတီ,အဖွဲ့ဝင်,
LWMP-02-0022,ဦးဇော်သိန်း,ဝါးခယ်မမဲဆန္ဒနယ်,ပြည်သူ့လွှတ်တော်,ပြည်ထောင်စုလွှတ်တော် အာဆီယံပါလီမန်များညီလာခံဆိုင်ရာ ပူးပေါင်းကော်မတီ,ဥက္ကဋ္ဌ,
LWMP-02-0327,ဒေါက်တာဝေဖြိုးအောင်,သာကေတမဲဆန္ဒနယ်,ပြည်သူ့လွှတ်တော်,ပြည်ထောင်စုလွှတ်တော် အာဆီယံပါလီမန်များညီလာခံဆိုင်ရာ ပူးပေါင်းကော်မတီ,အဖွဲ့ဝင်,
UPMP-02-0005,ဦးစခင်ဇော်လင်း,ဧရာဝတီ-2,အမျိုးသားလွှတ်တော်,ပြည်ထောင်စုလွှတ်တော် အာဆီယံပါလီမန်များညီလာခံဆိုင်ရာ ပူးပေါင်းကော်မတီ,အဖွဲ့ဝင်,
,ဗိုလ်မှူးချုပ်မောင်မောင်,,ပြည်သူ့လွှတ်တော်,ပြည်ထောင်စုလွှတ်တော် ဥပဒေကြမ်းပူးပေါင်းကော်မတီ,အဖွဲ့ဝင်,
UPMP-02-0038,ဦးသိန်းလွင်,ကချင်-10,အမျိုးသားလွှတ်တော်,ပြည်ထောင်စုလွှတ်တော် ဥပဒေကြမ်းပူးပေါင်းကော်မတီ,အဖွဲ့ဝင်,
LWMP-02-0213,ဦးစတီဖန်,ကျိုင်းတုံမဲဆန္ဒနယ်,ပြည်သူ့လွှတ်တော်,ပြည်ထောင်စုလွှတ်တော် ဥပဒေကြမ်းပူးပေါင်းကော်မတီ,အဖွဲ့ဝင်,
UPMP-02-0034,​ဒေါ်ကျိန်ငိုက်မန်,ချင်း-7,အမျိုးသားလွှတ်တော်,ပြည်ထောင်စုလွှတ်တော် ဥပဒေကြမ်းပူးပေါင်းကော်မတီ,အဖွဲ့ဝင်,
UPMP-02-0129,ဦးဇော်မင်း,စစ်ကိုင်း-6,အမျိုးသားလွှတ်တော်,ပြည်ထောင်စုလွှတ်တော် ဥပဒေကြမ်းပူးပေါင်းကော်မတီ,ဒုဥက္ကဋ္ဌ (၁),
LWMP-02-0301,ဦးဇော်ဝင်း,ထန်းတပင်မဲဆန္ဒနယ်,ပြည်သူ့လွှတ်တော်,ပြည်ထောင်စုလွှတ်တော် ဥပဒေကြမ်းပူးပေါင်းကော်မတီ,အဖွဲ့ဝင်,
LWMP-02-0231,ဦးထွန်းအောင်(ခ)ဦးထွန်းထွန်းဟိန်,နောင်ချိုမဲဆန္ဒနယ်,ပြည်သူ့လွှတ်တော်,ပြည်ထောင်စုလွှတ်တော် ဥပဒေကြမ်းပူးပေါင်းကော်မတီ,ဒုဥက္ကဋ္ဌ (၂),
LWMP-02-0134,ဦးကျော်စိုးလင်း,ပြည်ကြီးတံခွန်မဲဆန္ဒနယ်,ပြည်သူ့လွှတ်တော်,ပြည်ထောင်စုလွှတ်တော် ဥပဒေကြမ်းပူးပေါင်းကော်မတီ,တွဲဖက်အတွင်းရေးမှူး,
LWMP-02-0012,ဦးဝေလှိုင်ထွန်း,ပုသိမ်မဲဆန္ဒနယ်,ပြည်သူ့လွှတ်တော်,ပြည်ထောင်စုလွှတ်တော် ဥပဒေကြမ်းပူးပေါင်းကော်မတီ,အဖွဲ့ဝင်,
UPMP-02-0079,ဦးအောင်ကြည်ညွန့်,မကွေး-4,အမျိုးသားလွှတ်တော်,ပြည်ထောင်စုလွှတ်တော် ဥပဒေကြမ်းပူးပေါင်းကော်မတီ,အဖွဲ့ဝင်,
UPMP-02-0101,​ဒေါ်နွယ်နွယ်အောင်,မွန်-2,အမျိုးသားလွှတ်တော်,ပြည်ထောင်စုလွှတ်တော် ဥပဒေကြမ်းပူးပေါင်းကော်မတီ,အဖွဲ့ဝင်,
UPMP-02-0115,ဦးကျော်ကျော်,ရခိုင်-4,အမျိုးသားလွှတ်တော်,ပြည်ထောင်စုလွှတ်တော် ဥပဒေကြမ်းပူးပေါင်းကော်မတီ,အဖွဲ့ဝင်,
UPMP-02-0117,ဦးအေးသာအောင်,ရခိုင်-6,အမျိုးသားလွှတ်တော်,ပြည်ထောင်စုလွှတ်တော် ဥပဒေကြမ်းပူးပေါင်းကော်မတီ,ဥက္ကဋ္ဌ,
UPMP-02-0162,ဒေါက်တာမြတ်ဉာဏစိုး,ရန်ကုန်-3,အမျိုးသားလွှတ်တော်,ပြည်ထောင်စုလွှတ်တော် ဥပဒေကြမ်းပူးပေါင်းကော်မတီ,အတွင်းရေးမှူး,
,ဗိုလ်မှူးကြီးမြင့်ဟန်,,ပြည်သူ့လွှတ်တော်,ပြည်သူ့လွှတ်တော် ကျန်းမာရေးနှင့် အားကစားဖွံ့ဖြိုးတိုးတက်ရေးကော်မတီ,အဖွဲ့ဝင်,
LWMP-02-0149,ဒေါက်တာခင်ဆောင်,ကျိုက်ထိုမဲဆန္ဒနယ်,ပြည်သူ့လွှတ်တော်,ပြည်သူ့လွှတ်တော် ကျန်းမာရေးနှင့် အားကစားဖွံ့ဖြိုးတိုးတက်ရေးကော်မတီ,အဖွဲ့ဝင်,
LWMP-02-0065,ဦးအာမိုးဆီ,ခေါင်လန်ဖူးမဲဆန္ဒနယ်,ပြည်သူ့လွှတ်တော်,ပြည်သူ့လွှတ်တော် ကျန်းမာရေးနှင့် အားကစားဖွံ့ဖြိုးတိုးတက်ရေးကော်မတီ,အဖွဲ့ဝင်,
LWMP-02-0225,ဒေါက်တာဒေါ်သန်းငွေ,တောင်ကြီးမဲဆန္ဒနယ်,ပြည်သူ့လွှတ်တော်,ပြည်သူ့လွှတ်တော် ကျန်းမာရေးနှင့် အားကစားဖွံ့ဖြိုးတိုးတက်ရေးကော်မတီ,အဖွဲ့ဝင်,
LWMP-02-0307,ဒေါက်တာစိန်မြအေး,ဒလမဲဆန္ဒနယ်,ပြည်သူ့လွှတ်တော်,ပြည်သူ့လွှတ်တော် ကျန်းမာရေးနှင့် အားကစားဖွံ့ဖြိုးတိုးတက်ရေးကော်မတီ,အဖွဲ့ဝင်,
LWMP-02-0009,ဒေါက်တာဒေါ်ခင်ညို,ဒေးဒရဲမဲဆန္ဒနယ်,ပြည်သူ့လွှတ်တော်,ပြည်သူ့လွှတ်တော် ကျန်းမာရေးနှင့် အားကစားဖွံ့ဖြိုးတိုးတက်ရေးကော်မတီ,အဖွဲ့ဝင်,
LWMP-02-0038,ဒေါက်တာခင်စိုးစိုးကြည်,ပြည်မဲဆန္ဒနယ်,ပြည်သူ့လွှတ်တော်,ပြည်သူ့လွှတ်တော် ကျန်းမာရေးနှင့် အားကစားဖွံ့ဖြိုးတိုးတက်ရေးကော်မတီ,အဖွဲ့ဝင်,
LWMP-02-0166,ဦးအောင်သောင်းရွှေ,ဘူးသီးတောင်မဲဆန္ဒနယ်,ပြည်သူ့လွှတ်တော်,ပြည်သူ့လွှတ်တော် ကျန်းမာရေးနှင့် အားကစားဖွံ့ဖြိုးတိုးတက်ရေးကော်မတီ,အဖွဲ့ဝင်,
LWMP-02-0313,ဒေါ်ဖြူဖြူသင်း,မင်္ဂလာတောင်ညွန့်မဲဆန္ဒနယ်,ပြည်သူ့လွှတ်တော်,ပြည်သူ့လွှတ်တော် ကျန်းမာရေးနှင့် အားကစားဖွံ့ဖြိုးတိုးတက်ရေးကော်မတီ,အဖွဲ့ဝင်,
LWMP-02-0274,ဦးစိုးပိုင်ဌေး,မြိတ်မြို့မဲဆန္ဒနယ်,ပြည်သူ့လွှတ်တော်,ပြည်သူ့လွှတ်တော် ကျန်းမာရေးနှင့် အားကစားဖွံ့ဖြိုးတိုးတက်ရေးကော်မတီ,အဖွဲ့ဝင်,
LWMP-02-0316,ဒေါက်တာသန်းဝင်း,မြောက်ဥက္ကလာပမဲဆန္ဒနယ်,ပြည်သူ့လွှတ်တော်,ပြည်သူ့လွှတ်တော် ကျန်းမာရေးနှင့် အားကစားဖွံ့ဖြိုးတိုးတက်ရေးကော်မတီ,အတွင်းရေးမှူး,
LWMP-02-0250,ဦးစိုင်းဆမ်,မိုင်းယန်းမဲဆန္ဒနယ်,ပြည်သူ့လွှတ်တော်,ပြည်သူ့လွှတ်တော် ကျန်းမာရေးနှင့် အားကစားဖွံ့ဖြိုးတိုးတက်ရေးကော်မတီ,အဖွဲ့ဝင်,
LWMP-02-0204,ဒေါက်တာအေဇင်လတ်,ရွှေဘိုမဲဆန္ဒနယ်,ပြည်သူ့လွှတ်တော်,ပြည်သူ့လွှတ်တော် ကျန်းမာရေးနှင့် အားကစားဖွံ့ဖြိုးတိုးတက်ရေးကော်မတီ,အဖွဲ့ဝင်,
LWMP-02-0019,ဒေါက်တာစံရွှေဝင်း,ရေကြည်မဲဆန္ဒနယ်,ပြည်သူ့လွှတ်တော်,ပြည်သူ့လွှတ်တော် ကျန်းမာရေးနှင့် အားကစားဖွံ့ဖြိုးတိုးတက်ရေးကော်မတီ,ဥက္ကဋ္ဌ,
LWMP-02-0050,ဦးမြင့်ဦး,သနပ်ပင်မဲဆန္ဒနယ်,ပြည်သူ့လွှတ်တော်,ပြည်သူ့လွှတ်တော် ကျန်းမာရေးနှင့် အားကစားဖွံ့ဖြိုးတိုးတက်ရေးကော်မတီ,အဖွဲ့ဝင်,
,ဗိုလ်မှူးကြီးထွန်းမြတ်ဆွေ,,ပြည်သူ့လွှတ်တော်,ပြည်သူ့လွှတ်တော် စီးပွားရေးနှင့်ဘဏ္ဍာရေးဖွံ့ဖြိုးတိုးတက်ရေးကော်မတီ,အဖွဲ့ဝင်,
LWMP-02-0029,ဦးဌေးမင်းသိန်း,ကြို့ပင်ကောက်မဲဆန္ဒနယ်,ပြည်သူ့လွှတ်တော်,ပြည်သူ့လွှတ်တော် စီးပွားရေးနှင့်ဘဏ္ဍာရေးဖွံ့ဖြိုးတိုးတက်ရေးကော်မတီ,အဖွဲ့ဝင်,
LWMP-02-0184,ဦးအောင်သန်းစိန်,ခန္တီးမဲဆန္ဒနယ်,ပြည်သူ့လွှတ်တော်,ပြည်သူ့လွှတ်တော် စီးပွားရေးနှင့်ဘဏ္ဍာရေးဖွံ့ဖြိုးတိုးတက်ရေးကော်မတီ,အဖွဲ့ဝင်,
LWMP-02-0293,ဒေါက်တာအေးမင်း,ခရမ်းမဲဆန္ဒနယ်,ပြည်သူ့လွှတ်တော်,ပြည်သူ့လွှတ်တော် စီးပွားရေးနှင့်ဘဏ္ဍာရေးဖွံ့ဖြိုးတိုးတက်ရေးကော်မတီ,အဖွဲ့ဝင်,
LWMP-02-0126,ဒေါက်တာကြည်မို့မို့လွင်,စဥ့်ကိုင်မဲဆန္ဒနယ်,ပြည်သူ့လွှတ်တော်,ပြည်သူ့လွှတ်တော် စီးပွားရေးနှင့်ဘဏ္ဍာရေးဖွံ့ဖြိုးတိုးတက်ရေးကော်မတီ,အဖွဲ့ဝင်,
LWMP-02-0066,ဦးလုံဂျုံဆန်မိုင်,ဆွမ်ပရာဘွမ်မဲဆန္ဒနယ်,ပြည်သူ့လွှတ်တော်,ပြည်သူ့လွှတ်တော် စီးပွားရေးနှင့်ဘဏ္ဍာရေးဖွံ့ဖြိုးတိုးတက်ရေးကော်မတီ,အဖွဲ့ဝင်,
LWMP-02-0190,ဦးမောင်မောင်,ထီးချိုင့်မဲဆန္ဒနယ်,ပြည်သူ့လွှတ်တော်,ပြည်သူ့လွှတ်တော် စီးပွားရေးနှင့်ဘဏ္ဍာရေးဖွံ့ဖြိုးတိုးတက်ရေးကော်မတီ,အဖွဲ့ဝင်,
LWMP-02-0036,ဦးခင်အေး,နတ်တလင်းမဲဆန္ဒနယ်,ပြည်သူ့လွှတ်တော်,ပြည်သူ့လွှတ်တော် စီးပွားရေးနှင့်ဘဏ္ဍာရေးဖွံ့ဖြိုးတိုးတက်ရေးကော်မတီ,ဥက္ကဋ္ဌ,
LWMP-02-0232,ဦးစိုးမြင့်,ပင်းတယမဲဆန္ဒနယ်,ပြည်သူ့လွှတ်တော်,ပြည်သူ့လွှတ်တော် စီးပွားရေးနှင့်ဘဏ္ဍာရေးဖွံ့ဖြိုးတိုးတက်ရေးကော်မတီ,အဖွဲ့ဝင်,
LWMP-02-0087,ဒေါ်ဝင့်ဝါထွန်း,ရှားတောမဲဆန္ဒနယ်,ပြည်သူ့လွှတ်တော်,ပြည်သူ့လွှတ်တော် စီးပွားရေးနှင့်ဘဏ္ဍာရေးဖွံ့ဖြိုးတိုးတက်ရေးကော်မတီ,အဖွဲ့ဝင်,
LWMP-02-0118,ဦးသာချို(ခ)ဦးတင်ကြိုင်,ရေနံချောင်းမဲဆန္ဒနယ်,ပြည်သူ့လွှတ်တော်,ပြည်သူ့လွှတ်တော် စီးပွားရေးနှင့်ဘဏ္ဍာရေးဖွံ့ဖြိုးတိုးတက်ရေးကော်မတီ,အဖွဲ့ဝင်,
LWMP-02-0144,ဦးခင်မောင်စိုး,ဝမ်းတွင်းမဲဆန္ဒနယ်,ပြည်သူ့လွှတ်တော်,ပြည်သူ့လွှတ်တော် စီးပွားရေးနှင့်ဘဏ္ဍာရေးဖွံ့ဖြိုးတိုးတက်ရေးကော်မတီ,အတွင်းရေးမှူး,
LWMP-02-0023,ဦးသိန်းထွန်း,သာပေါင်းမဲဆန္ဒနယ်,ပြည်သူ့လွှတ်တော်,ပြည်သူ့လွှတ်တော် စီးပွားရေးနှင့်ဘဏ္ဍာရေးဖွံ့ဖြိုးတိုးတက်ရေးကော်မတီ,အဖွဲ့ဝင်,
LWMP-02-0330,ဦးရဲလွင်,အလုံမဲဆန္ဒနယ်,ပြည်သူ့လွှတ်တော်,ပြည်သူ့လွှတ်တော် စီးပွားရေးနှင့်ဘဏ္ဍာရေးဖွံ့ဖြိုးတိုးတက်ရေးကော်မတီ,အဖွဲ့ဝင်,
LWMP-02-0285,ဦးကျော်မင်းလှိုင်,ဥတ္တရသီရိမဲဆန္ဒနယ်,ပြည်သူ့လွှတ်တော်,ပြည်သူ့လွှတ်တော် စီးပွားရေးနှင့်ဘဏ္ဍာရေးဖွံ့ဖြိုးတိုးတက်ရေးကော်မတီ,အဖွဲ့ဝင်,
,ဗိုလ်မှူးကြီးခင်မောင်ထွန်း,,ပြည်သူ့လွှတ်တော်,ပြည်သူ့လွှတ်တော် စိုက်ပျိုးရေး၊ မွေးမြူရေးနှင့် ကျေးလက်လူမှုဘဝဖွံ့ဖြိုးတိုးတက်ရေးကော်မတီ,အဖွဲ့ဝင်,
LWMP-02-0002,ဦးရန်လင်း,ကျိုက်လတ်မဲဆန္ဒနယ်,ပြည်သူ့လွှတ်တော်,ပြည်သူ့လွှတ်တော် စိုက်ပျိုးရေး၊ မွေးမြူရေးနှင့် ကျေးလက်လူမှုဘဝဖွံ့ဖြိုးတိုးတက်ရေးကော်မတီ,ဥက္ကဋ္ဌ,
LWMP-02-0122,ဦးရွှေကို,ကျောက်ပန်းတောင်းမဲဆန္ဒနယ်,ပြည်သူ့လွှတ်တော်,ပြည်သူ့လွှတ်တော် စိုက်ပျိုးရေး၊ မွေးမြူရေးနှင့် ကျေးလက်လူမှုဘဝဖွံ့ဖြိုးတိုးတက်ရေးကော်မတီ,အဖွဲ့ဝင်,
LWMP-02-0185,ဦးမျိုး,ချောင်းဦးမဲဆန္ဒနယ်,ပြည်သူ့လွှတ်တော်,ပြည်သူ့လွှတ်တော် စိုက်ပျိုးရေး၊ မွေးမြူရေးနှင့် ကျေးလက်လူမှုဘဝဖွံ့ဖြိုးတိုးတက်ရေးကော်မတီ,အဖွဲ့ဝင်,
LWMP-02-0161,ဦးမြင့်ဝေ,ဂွမဲဆန္ဒနယ်,ပြည်သူ့လွှတ်တော်,ပြည်သူ့လွှတ်တော် စိုက်ပျိုးရေး၊ မွေးမြူရေးနှင့် ကျေးလက်လူမှုဘဝဖွံ့ဖြိုးတိုးတက်ရေးကော်မတီ,အဖွဲ့ဝင်,
LWMP-02-0221,ဦးခွန်သန်းထူး,ဆီဆိုင်မဲဆန္ဒနယ်,ပြည်သူ့လွှတ်တော်,ပြည်သူ့လွှတ်တော် စိုက်ပျိုးရေး၊ မွေးမြူရေးနှင့် ကျေးလက်လူမှုဘဝဖွံ့ဖြိုးတိုးတက်ရေးကော်မတီ,အဖွဲ့ဝင်,
LWMP-02-0270,ဦးအောင်ကျော်ဟိန်း,တနင်္သာရီမဲဆန္ဒနယ်,ပြည်သူ့လွှတ်တော်,ပြည်သူ့လွှတ်တော် စိုက်ပျိုးရေး၊ မွေးမြူရေးနှင့် ကျေးလက်လူမှုဘဝဖွံ့ဖြိုးတိုးတက်ရေးကော်မတီ,အဖွဲ့ဝင်,
LWMP-02-0070,ဦးမိုးရွှေ,ပူတာအိုမဲဆန္ဒနယ်,ပြည်သူ့လွှတ်တော်,ပြည်သူ့လွှတ်တော် စိုက်ပျိုးရေး၊ မွေးမြူရေးနှင့် ကျေးလက်လူမှုဘဝဖွံ့ဖြိုးတိုးတက်ရေးကော်မတီ,အဖွဲ့ဝင်,
LWMP-02-0114,ဒေါက်တာသန်းအောင်စိုး,မင်းလှမဲဆန္ဒနယ်,ပြည်သူ့လွှတ်တော်,ပြည်သူ့လွှတ်တော် စိုက်ပျိုးရေး၊ မွေးမြူရေးနှင့် ကျေးလက်လူမှုဘဝဖွံ့ဖြိုးတိုးတက်ရေးကော်မတီ,အဖွဲ့ဝင်,
LWMP-02-0043,ဒေါက်တာသန်းအောင်စိုး,မင်းလှမဲဆန္ဒနယ်,ပြည်သူ့လွှတ်တော်,ပြည်သူ့လွှတ်တော် စိုက်ပျိုးရေး၊ မွေးမြူရေးနှင့် ကျေးလက်လူမှုဘဝဖွံ့ဖြိုးတိုးတက်ရေးကော်မတီ,အဖွဲ့ဝင်,
LWMP-02-0244,ဦးစိုင်းခတ္တိယ,မိုင်းဆတ်မဲဆန္ဒနယ်,ပြည်သူ့လွှတ်တော်,ပြည်သူ့လွှတ်တော် စိုက်ပျိုးရေး၊ မွေးမြူရေးနှင့် ကျေးလက်လူမှုဘဝဖွံ့ဖြိုးတိုးတက်ရေးကော်မတီ,အဖွဲ့ဝင်,
LWMP-02-0154,ဦးစောထွန်း,မုဒုံမဲဆန္ဒနယ်,ပြည်သူ့လွှတ်တော်,ပြည်သူ့လွှတ်တော် စိုက်ပျိုးရေး၊ မွေးမြူရေးနှင့် ကျေးလက်လူမှုဘဝဖွံ့ဖြိုးတိုးတက်ရေးကော်မတီ,အဖွဲ့ဝင်,
LWMP-02-0257,ဦးခင်မောင်မြင့်,ရပ်စောက်မဲဆန္ဒနယ်,ပြည်သူ့လွှတ်တော်,ပြည်သူ့လွှတ်တော် စိုက်ပျိုးရေး၊ မွေးမြူရေးနှင့် ကျေးလက်လူမှုဘဝဖွံ့ဖြိုးတိုးတက်ရေးကော်မတီ,အဖွဲ့ဝင်,
LWMP-02-0117,ဦးတိုးရွှေ(ခ)​​ဒေါက်တာတင်ဌေးအောင်,ရေစကြိုမဲဆန္ဒနယ်,ပြည်သူ့လွှတ်တော်,ပြည်သူ့လွှတ်တော် စိုက်ပျိုးရေး၊ မွေးမြူရေးနှင့် ကျေးလက်လူမှုဘဝဖွံ့ဖြိုးတိုးတက်ရေးကော်မတီ,အဖွဲ့ဝင်,
LWMP-02-0265,ဦးစိုင်းသန့်ဇင်,သီပေါမဲဆန္ဒနယ်,ပြည်သူ့လွှတ်တော်,ပြည်သူ့လွှတ်တော် စိုက်ပျိုးရေး၊ မွေးမြူရေးနှင့် ကျေးလက်လူမှုဘဝဖွံ့ဖြိုးတိုးတက်ရေးကော်မတီ,အဖွဲ့ဝင်,
LWMP-02-0329,ဦးမောင်မောင်ဦး,အင်းစိန်မဲဆန္ဒနယ်,ပြည်သူ့လွှတ်တော်,ပြည်သူ့လွှတ်တော် စိုက်ပျိုးရေး၊ မွေးမြူရေးနှင့် ကျေးလက်လူမှုဘဝဖွံ့ဖြိုးတိုးတက်ရေးကော်မတီ,အတွင်းရေးမှူး,
,ဒုတိယဗိုလ်မှူးကြီးညီညီလွင်,,ပြည်သူ့လွှတ်တော်,ပြည်သူ့လွှတ်တော် တရားစီရင်ရေးနှင့် ဥပဒေရေးရာကော်မတီ,အဖွဲ့ဝင်,
LWMP-02-0288,ဒေါ်အေးမြမြမျိုး,ကျောက်တန်းမဲဆန္ဒနယ်,ပြည်သူ့လွှတ်တော်,ပြည်သူ့လွှတ်တော် တရားစီရင်ရေးနှင့် ဥပဒေရေးရာကော်မတီ,အဖွဲ့ဝင်,
LWMP-02-0030,ဦးလှသန်း,ကဝမဲဆန္ဒနယ်,ပြည်သူ့လွှတ်တော်,ပြည်သူ့လွှတ်တော် တရားစီရင်ရေးနှင့် ဥပဒေရေးရာကော်မတီ,အဖွဲ့ဝင်,
LWMP-02-0162,ဦးမောင်သိန်းခိုင်,စစ်တွေမဲဆန္ဒနယ်,ပြည်သူ့လွှတ်တော်,ပြည်သူ့လွှတ်တော် တရားစီရင်ရေးနှင့် ဥပဒေရေးရာကော်မတီ,အဖွဲ့ဝင်,
LWMP-02-0129,ဒေါ်စိုးနွယ်အေး,တံတားဦးမဲဆန္ဒနယ်,ပြည်သူ့လွှတ်တော်,ပြည်သူ့လွှတ်တော် တရားစီရင်ရေးနှင့် ဥပဒေရေးရာကော်မတီ,အဖွဲ့ဝင်,
LWMP-02-0107,ဦးအောင်တင်လင်း,နတ်မောက်မဲဆန္ဒနယ်,ပြည်သူ့လွှတ်တော်,ပြည်သူ့လွှတ်တော် တရားစီရင်ရေးနှင့် ဥပဒေရေးရာကော်မတီ,အတွင်းရေးမှူး,
LWMP-02-0312,ဒေါ်မြင့်မြင့်စိုး (ခ) ဒေါ်မေစိုး,ဗိုလ်တထောင်မဲဆန္ဒနယ်,ပြည်သူ့လွှတ်တော်,ပြည်သူ့လွှတ်တော် တရားစီရင်ရေးနှင့် ဥပဒေရေးရာကော်မတီ,အဖွဲ့ဝင်,
LWMP-02-0085,ဦးအေးမောင်,ဘောလခဲမဲဆန္ဒနယ်,ပြည်သူ့လွှတ်တော်,ပြည်သူ့လွှတ်တော် တရားစီရင်ရေးနှင့် ဥပဒေရေးရာကော်မတီ,အဖွဲ့ဝင်,
LWMP-02-0113,ဦးဝင်းဝင်း,မင်းဘူးမဲဆန္ဒနယ်,ပြည်သူ့လွှတ်တော်,ပြည်သူ့လွှတ်တော် တရားစီရင်ရေးနှင့် ဥပဒေရေးရာကော်မတီ,အဖွဲ့ဝင်,
LWMP-02-0073,ဦးချင်းဖေလင်း,မံစီမဲဆန္ဒနယ်,ပြည်သူ့လွှတ်တော်,ပြည်သူ့လွှတ်တော် တရားစီရင်ရေးနှင့် ဥပဒေရေးရာကော်မတီ,အဖွဲ့ဝင်,
LWMP-02-0170,ဦးတင်နု (ခ) ဦးတင်နုအောင်,မာန်အောင်မဲဆန္ဒနယ်,ပြည်သူ့လွှတ်တော်,ပြည်သူ့လွှတ်တော် တရားစီရင်ရေးနှင့် ဥပဒေရေးရာကော်မတီ,အဖွဲ့ဝင်,
LWMP-02-0020,ဒေါက်တာဦးအေးကြူ,လပွတ္တာမဲဆန္ဒနယ်,ပြည်သူ့လွှတ်တော်,ပြည်သူ့လွှတ်တော် တရားစီရင်ရေးနှင့် ဥပဒေရေးရာကော်မတီ,အဖွဲ့ဝင်,
LWMP-02-0320,ဦးခင်မောင်ဝင်း,လမ်းမတော်မဲဆန္ဒနယ်,ပြည်သူ့လွှတ်တော်,ပြည်သူ့လွှတ်တော် တရားစီရင်ရေးနှင့် ဥပဒေရေးရာကော်မတီ,ဥက္ကဋ္ဌ,
LWMP-02-0276,ဒေါ်ခင်စန္ဒီ,လောင်းလုံးမဲဆန္ဒနယ်,ပြည်သူ့လွှတ်တော်,ပြည်သူ့လွှတ်တော် တရားစီရင်ရေးနှင့် ဥပဒေရေးရာကော်မတီ,အဖွဲ့ဝင်,
,ဗိုလ်ချုပ်သန်းထွတ်သိန်း,,ပြည်သူ့လွှတ်တော်,ပြည်သူ့လွှတ်တော် တိုင်းရင်းသားရေးရာနှင့် ပြည်တွင်းငြိမ်းချမ်းရေးဖော်ဆောင်မှုကော်မတီ,အဖွဲ့ဝင်,
LWMP-02-0177,ဒေါက်တာလှိုင်မြင့်ဟန်,ကန့်ဘလူမဲဆန္ဒနယ်,ပြည်သူ့လွှတ်တော်,ပြည်သူ့လွှတ်တော် တိုင်းရင်းသားရေးရာနှင့် ပြည်တွင်းငြိမ်းချမ်းရေးဖော်ဆောင်မှုကော်မတီ,အဖွဲ့ဝင်,
LWMP-02-0123,ဒေါက်တာစိုင်းလှသိန်း,ချမ်းမြသာစည်မဲဆန္ဒနယ်,ပြည်သူ့လွှတ်တော်,ပြည်သူ့လွှတ်တော် တိုင်းရင်းသားရေးရာနှင့် ပြည်တွင်းငြိမ်းချမ်းရေးဖော်ဆောင်မှုကော်မတီ,အဖွဲ့ဝင်,
LWMP-02-0082,ဦးပေါလ်ဆိုင်း,ဒီးမော့ဆိုမဲဆန္ဒနယ်,ပြည်သူ့လွှတ်တော်,ပြည်သူ့လွှတ်တော် တိုင်းရင်းသားရေးရာနှင့် ပြည်တွင်းငြိမ်းချမ်းရေးဖော်ဆောင်မှုကော်မတီ,အဖွဲ့ဝင်,
LWMP-02-0226,ဒေါ်နန်းခမ်းအေး,နမ္မတူမဲဆန္ဒနယ်,ပြည်သူ့လွှတ်တော်,ပြည်သူ့လွှတ်တော် တိုင်းရင်းသားရေးရာနှင့် ပြည်တွင်းငြိမ်းချမ်းရေးဖော်ဆောင်မှုကော်မတီ,အဖွဲ့ဝင်,
LWMP-02-0227,ဦးထွန်းကျော်,နမ့်ခမ်းမဲဆန္ဒနယ်,ပြည်သူ့လွှတ်တော်,ပြည်သူ့လွှတ်တော် တိုင်းရင်းသားရေးရာနှင့် ပြည်တွင်းငြိမ်းချမ်းရေးဖော်ဆောင်မှုကော်မတီ,အဖွဲ့ဝင်,
LWMP-02-0233,ဦးခွန်မောင်သောင်း,ပင်လောင်းမဲဆန္ဒနယ်,ပြည်သူ့လွှတ်တော်,ပြည်သူ့လွှတ်တော် တိုင်းရင်းသားရေးရာနှင့် ပြည်တွင်းငြိမ်းချမ်းရေးဖော်ဆောင်မှုကော်မတီ,ဥက္ကဋ္ဌ,
LWMP-02-0059,ဦးစိန်အောင်,ပလက်ဝမဲဆန္ဒနယ်,ပြည်သူ့လွှတ်တော်,ပြည်သူ့လွှတ်တော် တိုင်းရင်းသားရေးရာနှင့် ပြည်တွင်းငြိမ်းချမ်းရေးဖော်ဆောင်မှုကော်မတီ,အဖွဲ့ဝင်,
LWMP-02-0091,ဦးထွန်းမြအောင်(ခ)ဦးစောထွန်းမြအောင်,ဖာပွန်မဲဆန္ဒနယ်,ပြည်သူ့လွှတ်တော်,ပြည်သူ့လွှတ်တော် တိုင်းရင်းသားရေးရာနှင့် ပြည်တွင်းငြိမ်းချမ်းရေးဖော်ဆောင်မှုကော်မတီ,အဖွဲ့ဝင်,
LWMP-02-0075,ဦးအင်ထုံးခါနော်ဆမ်,မြစ်ကြီးနားမဲဆန္ဒနယ်,ပြည်သူ့လွှတ်တော်,ပြည်သူ့လွှတ်တော် တိုင်းရင်းသားရေးရာနှင့် ပြည်တွင်းငြိမ်းချမ်းရေးဖော်ဆောင်မှုကော်မတီ,အတွင်းရေးမှူး,
LWMP-02-0171,ဦးလှထွန်းကျော်,မောင်တောမဲဆန္ဒနယ်,ပြည်သူ့လွှတ်တော်,ပြည်သူ့လွှတ်တော် တိုင်းရင်းသားရေးရာနှင့် ပြည်တွင်းငြိမ်းချမ်းရေးဖော်ဆောင်မှုကော်မတီ,အဖွဲ့ဝင်,
LWMP-02-0048,ဦးကျော်မင်း,လက်ပံတန်းမဲဆန္ဒနယ်,ပြည်သူ့လွှတ်တော်,ပြည်သူ့လွှတ်တော် တိုင်းရင်းသားရေးရာနှင့် ပြည်တွင်းငြိမ်းချမ်းရေးဖော်ဆောင်မှုကော်မတီ,အဖွဲ့ဝင်,
LWMP-02-0095,ဦးစောဗစ်တာခလိုက်,သံတောင်ကြီးမဲဆန္ဒနယ်,ပြည်သူ့လွှတ်တော်,ပြည်သူ့လွှတ်တော် တိုင်းရင်းသားရေးရာနှင့် ပြည်တွင်းငြိမ်းချမ်းရေးဖော်ဆောင်မှုကော်မတီ,အဖွဲ့ဝင်,
LWMP-02-0266,ဦးကျင်ဝမ်း,ဟိုပန်မဲဆန္ဒနယ်,ပြည်သူ့လွှတ်တော်,ပြည်သူ့လွှတ်တော် တိုင်းရင်းသားရေးရာနှင့် ပြည်တွင်းငြိမ်းချမ်းရေးဖော်ဆောင်မှုကော်မတီ,အဖွဲ့ဝင်,
LWMP-02-0081,ဦးလမာနော်အောင်,အင်ဂျန်းယန်မဲဆန္ဒနယ်,ပြည်သူ့လွှတ်တော်,ပြည်သူ့လွှတ်တော် တိုင်းရင်းသားရေးရာနှင့် ပြည်တွင်းငြိမ်းချမ်းရေးဖော်ဆောင်မှုကော်မတီ,အဖွဲ့ဝင်,
,ဒုတိယဗိုလ်မှူးကြီးမောင်မောင်ဦး,,ပြည်သူ့လွှတ်တော်,ပြည်သူ့လွှတ်တော် နိုင်ငံတကာဆက်ဆံရေးကော်မတီ,အဖွဲ့ဝင်,
LWMP-02-0159,ဦးဦးထွန်းဝင်း,ကျောက်တော်မဲဆန္ဒနယ်,ပြည်သူ့လွှတ်တော်,ပြည်သူ့လွှတ်တော် နိုင်ငံတကာဆက်ဆံရေးကော်မတီ,အဖွဲ့ဝင်,
LWMP-02-0216,ဒေါ်ပြုံးကေသီနိုင်,ကလောမဲဆန္ဒနယ်,ပြည်သူ့လွှတ်တော်,ပြည်သူ့လွှတ်တော် နိုင်ငံတကာဆက်ဆံရေးကော်မတီ,အဖွဲ့ဝင်,
LWMP-02-0182,ဦးမျိုးဇော်အောင်,ကောလင်းမဲဆန္ဒနယ်,ပြည်သူ့လွှတ်တော်,ပြည်သူ့လွှတ်တော် နိုင်ငံတကာဆက်ဆံရေးကော်မတီ,အဖွဲ့ဝင်,
LWMP-02-0294,ဦးဘိုဘိုဦး,စမ်းချောင်းမဲဆန္ဒနယ်,ပြည်သူ့လွှတ်တော်,ပြည်သူ့လွှတ်တော် နိုင်ငံတကာဆက်ဆံရေးကော်မတီ,အတွင်းရေးမှူး,
LWMP-02-0100,ဦးကံဦး,စလင်းမဲဆန္ဒနယ်,ပြည်သူ့လွှတ်တော်,ပြည်သူ့လွှတ်တော် နိုင်ငံတကာဆက်ဆံရေးကော်မတီ,အဖွဲ့ဝင်,
LWMP-02-0131,ဦးနိုင်ထူးအောင်,နွားထိုးကြီးမဲဆန္ဒနယ်,ပြည်သူ့လွှတ်တော်,ပြည်သူ့လွှတ်တော် နိုင်ငံတကာဆက်ဆံရေးကော်မတီ,အဖွဲ့ဝင်,
LWMP-02-0037,ဒေါ်ခင်နှင်းသစ်,ပန်းတောင်းမဲဆန္ဒနယ်,ပြည်သူ့လွှတ်တော်,ပြည်သူ့လွှတ်တော် နိုင်ငံတကာဆက်ဆံရေးကော်မတီ,အဖွဲ့ဝင်,
LWMP-02-0152,ဒေါ်မိကွန်ချမ်း,ပေါင်မဲဆန္ဒနယ်,ပြည်သူ့လွှတ်တော်,ပြည်သူ့လွှတ်တော် နိုင်ငံတကာဆက်ဆံရေးကော်မတီ,အဖွဲ့ဝင်,
LWMP-02-0041,ဒေါက်တာဒေါ်ရွှေပုံ,ပဲခူးမဲဆန္ဒနယ်,ပြည်သူ့လွှတ်တော်,ပြည်သူ့လွှတ်တော် နိုင်ငံတကာဆက်ဆံရေးကော်မတီ,အဖွဲ့ဝင်,
LWMP-02-0238,ဒေါ်နန်းမိုး,မန်တုံမဲဆန္ဒနယ်,ပြည်သူ့လွှတ်တော်,ပြည်သူ့လွှတ်တော် နိုင်ငံတကာဆက်ဆံရေးကော်မတီ,အဖွဲ့ဝင်,
LWMP-02-0242,ဦးစိုင်းဆိုင်မိုင်း,မိုင်းကိုင်မဲဆန္ဒနယ်,ပြည်သူ့လွှတ်တော်,ပြည်သူ့လွှတ်တော် နိုင်ငံတကာဆက်ဆံရေးကော်မတီ,အဖွဲ့ဝင်,
LWMP-02-0256,ဦးစိုင်းငေါင်းဆိုင်ဟိန်း,မောက်မယ်မဲဆန္ဒနယ်,ပြည်သူ့လွှတ်တော်,ပြည်သူ့လွှတ်တော် နိုင်ငံတကာဆက်ဆံရေးကော်မတီ,အဖွဲ့ဝင်,
LWMP-02-0079,ဦးဇာနည်မင်း,ရွှေကူမဲဆန္ဒနယ်,ပြည်သူ့လွှတ်တော်,ပြည်သူ့လွှတ်တော် နိုင်ငံတကာဆက်ဆံရေးကော်မတီ,အဖွဲ့ဝင်,
LWMP-02-0022,ဦးဇော်သိန်း,ဝါးခယ်မမဲဆန္ဒနယ်,ပြည်သူ့လွှတ်တော်,ပြည်သူ့လွှတ်တော် နိုင်ငံတကာဆက်ဆံရေးကော်မတီ,ဥက္ကဋ္ဌ,
,ဗိုလ်မှူးကြီးမင်းသန်း,,ပြည်သူ့လွှတ်တော်,ပြည်သူ့လွှတ်တော် နိုင်ငံသားများ၏ မူလအခွင့်အရေးဆိုင်ရာကော်မတီ,အဖွဲ့ဝင်,
LWMP-02-0269,ဦးခင်ဇော်,ကော့သောင်းမဲဆန္ဒနယ်,ပြည်သူ့လွှတ်တော်,ပြည်သူ့လွှတ်တော် နိုင်ငံသားများ၏ မူလအခွင့်အရေးဆိုင်ရာကော်မတီ,အဖွဲ့ဝင်,
LWMP-02-0128,ဦးစော,ညောင်ဦးမဲဆန္ဒနယ်,ပြည်သူ့လွှတ်တော်,ပြည်သူ့လွှတ်တော် နိုင်ငံသားများ၏ မူလအခွင့်အရေးဆိုင်ရာကော်မတီ,ဥက္ကဋ္ဌ,
LWMP-02-0057,ဦးကျင့်ရှင်းထန်,တီးတိန်မဲဆန္ဒနယ်,ပြည်သူ့လွှတ်တော်,ပြည်သူ့လွှတ်တော် နိုင်ငံသားများ၏ မူလအခွင့်အရေးဆိုင်ရာကော်မတီ,အဖွဲ့ဝင်,
LWMP-02-0191,ဦးဝင်းမြင့်အောင်,ဒီပဲယင်းမဲဆန္ဒနယ်,ပြည်သူ့လွှတ်တော်,ပြည်သူ့လွှတ်တော် နိုင်ငံသားများ၏ မူလအခွင့်အရေးဆိုင်ရာကော်မတီ,အတွင်းရေးမှူး,
LWMP-02-0308,ဦးဌေးဝင်းအောင်(ခ)ပြုံးချို,ဒေါပုံမဲဆန္ဒနယ်,ပြည်သူ့လွှတ်တော်,ပြည်သူ့လွှတ်တော် နိုင်ငံသားများ၏ မူလအခွင့်အရေးဆိုင်ရာကော်မတီ,အဖွဲ့ဝင်,
LWMP-02-0310,ဦးမြင့်လွင်,ပုဇွန်တောင်မဲဆန္ဒနယ်,ပြည်သူ့လွှတ်တော်,ပြည်သူ့လွှတ်တော် နိုင်ငံသားများ၏ မူလအခွင့်အရေးဆိုင်ရာကော်မတီ,အဖွဲ့ဝင်,
LWMP-02-0311,ဦးထွန်းမြင့်,ဗဟန်းမဲဆန္ဒနယ်,ပြည်သူ့လွှတ်တော်,ပြည်သူ့လွှတ်တော် နိုင်ငံသားများ၏ မူလအခွင့်အရေးဆိုင်ရာကော်မတီ,အဖွဲ့ဝင်,
LWMP-02-0153,ဦးတင်ကိုကိုဦး(ခ)အတွတ်,ဘီးလင်းမဲဆန္ဒနယ်,ပြည်သူ့လွှတ်တော်,ပြည်သူ့လွှတ်တော် နိုင်ငံသားများ၏ မူလအခွင့်အရေးဆိုင်ရာကော်မတီ,အဖွဲ့ဝင်,
LWMP-02-0061,ဦးနေလင်းအောင်,မင်းတပ်မဲဆန္ဒနယ်,ပြည်သူ့လွှတ်တော်,ပြည်သူ့လွှတ်တော် နိုင်ငံသားများ၏ မူလအခွင့်အရေးဆိုင်ရာကော်မတီ,အဖွဲ့ဝင်,
LWMP-02-0015,ဦးခင်မောင်လတ်,မြန်အောင်မဲဆန္ဒနယ်,ပြည်သူ့လွှတ်တော်,ပြည်သူ့လွှတ်တော် နိုင်ငံသားများ၏ မူလအခွင့်အရေးဆိုင်ရာကော်မတီ,အဖွဲ့ဝင်,
LWMP-02-0247,ဦးစိုင်းထွန်းစိန်,မိုင်းပျဉ်းမဲဆန္ဒနယ်,ပြည်သူ့လွှတ်တော်,ပြည်သူ့လွှတ်တော် နိုင်ငံသားများ၏ မူလအခွင့်အရေးဆိုင်ရာကော်မတီ,အဖွဲ့ဝင်,
LWMP-02-0263,ဦးစိုင်းမွန်း,လဲချားမဲဆန္ဒနယ်,ပြည်သူ့လွှတ်တော်,ပြည်သူ့လွှတ်တော် နိုင်ငံသားများ၏ မူလအခွင့်အရေးဆိုင်ရာကော်မတီ,အဖွဲ့ဝင်,
LWMP-02-0049,ဦးတင်ထွေး,ဝေါမဲဆန္ဒနယ်,ပြည်သူ့လွှတ်တော်,ပြည်သူ့လွှတ်တော် နိုင်ငံသားများ၏ မူလအခွင့်အရေးဆိုင်ရာကော်မတီ,အဖွဲ့ဝင်,
LWMP-02-0026,ဒေါ်သန္တာ,အိမ်မဲမဲဆန္ဒနယ်,ပြည်သူ့လွှတ်တော်,ပြည်သူ့လွှတ်တော် နိုင်ငံသားများ၏ မူလအခွင့်အရေးဆိုင်ရာကော်မတီ,အဖွဲ့ဝင်,
,ဗိုလ်မှူးချုပ်စိုးမြင့်,,ပြည်သူ့လွှတ်တော်,ပြည်သူ့လွှတ်တော် ပညာရေးမြှင့်တင်မှုကော်မတီ,အဖွဲ့ဝင်,
LWMP-02-0150,ဦးစောကျော်ဝင်းမောင်,ကျိုက်မရောမဲဆန္ဒနယ်,ပြည်သူ့လွှတ်တော်,ပြည်သူ့လွှတ်တော် ပညာရေးမြှင့်တင်မှုကော်မတီ,အဖွဲ့ဝင်,
LWMP-02-0027,ဦးမြင့်ငွေ,ကျောက်ကြီးမဲဆန္ဒနယ်,ပြည်သူ့လွှတ်တော်,ပြည်သူ့လွှတ်တော် ပညာရေးမြှင့်တင်မှုကော်မတီ,အဖွဲ့ဝင်,
LWMP-02-0121,ဒေါက်တာတင်အောင်,ကျောက်ဆည်မဲဆန္ဒနယ်,ပြည်သူ့လွှတ်တော်,ပြည်သူ့လွှတ်တော် ပညာရေးမြှင့်တင်မှုကော်မတီ,ဥက္ကဋ္ဌ,
LWMP-02-0188,ဦးမြင့်ထွန်း,တန့်ဆည်မဲဆန္ဒနယ်,ပြည်သူ့လွှတ်တော်,ပြည်သူ့လွှတ်တော် ပညာရေးမြှင့်တင်မှုကော်မတီ,အဖွဲ့ဝင်,
LWMP-02-0056,ဦးခမ်ခန့်ထန်,တွန်းဇံမဲဆန္ဒနယ်,ပြည်သူ့လွှတ်တော်,ပြည်သူ့လွှတ်တော် ပညာရေးမြှင့်တင်မှုကော်မတီ,အတွင်းရေးမှူး,
LWMP-02-0010,ဦးတင်လှ,ဓနုဖြူမဲဆန္ဒနယ်,ပြည်သူ့လွှတ်တော်,ပြည်သူ့လွှတ်တော် ပညာရေးမြှင့်တင်မှုကော်မတီ,အဖွဲ့ဝင်,
LWMP-02-0060,ဒေါက်တာဆလိုင်းရီယန်းဗဲလ်(ခ)ဆလိုင်းရန်းဗယ်,ဖလမ်းမဲဆန္ဒနယ်,ပြည်သူ့လွှတ်တော်,ပြည်သူ့လွှတ်တော် ပညာရေးမြှင့်တင်မှုကော်မတီ,အဖွဲ့ဝင်,
LWMP-02-0074,ဦးနန်မွန်တင်,မချမ်းဘောမဲဆန္ဒနယ်,ပြည်သူ့လွှတ်တော်,ပြည်သူ့လွှတ်တော် ပညာရေးမြှင့်တင်မှုကော်မတီ,အဖွဲ့ဝင်,
LWMP-02-0141,ဒေါက်တာဝင်းစိုးဦး,မိတ္ထီလာမဲဆန္ဒနယ်,ပြည်သူ့လွှတ်တော်,ပြည်သူ့လွှတ်တော် ပညာရေးမြှင့်တင်မှုကော်မတီ,အဖွဲ့ဝင်,
LWMP-02-0078,ဦးဝင်းအောင်,မိုးမောက်မဲဆန္ဒနယ်,ပြည်သူ့လွှတ်တော်,ပြည်သူ့လွှတ်တော် ပညာရေးမြှင့်တင်မှုကော်မတီ,အဖွဲ့ဝင်,
LWMP-02-0172,ဦးကျော်ရွှေ,ရမ်းဗြဲမဲဆန္ဒနယ်,ပြည်သူ့လွှတ်တော်,ပြည်သူ့လွှတ်တော် ပညာရေးမြှင့်တင်မှုကော်မတီ,အဖွဲ့ဝင်,
LWMP-02-0325,ဦးရွှေလှ(ခ)ဦးရွှေလှဝင်း,သင်္ဃန်းကျွန်းမဲဆန္ဒနယ်,ပြည်သူ့လွှတ်တော်,ပြည်သူ့လွှတ်တော် ပညာရေးမြှင့်တင်မှုကော်မတီ,အဖွဲ့ဝင်,
LWMP-02-0210,ဦးမျိုးညွန့်,ဟုမ္မလင်းမဲဆန္ဒနယ်,ပြည်သူ့လွှတ်တော်,ပြည်သူ့လွှတ်တော် ပညာရေးမြှင့်တင်မှုကော်မတီ,အဖွဲ့ဝင်,
,ဗိုလ်မှူးကြီးအောင်မြင့်,,ပြည်သူ့လွှတ်တော်,ပြည်သူ့လွှတ်တော် ပို့ဆောင်ရေး၊ ဆက်သွယ်ရေးနှင့် ဆောက်လုပ်ရေးကော်မတီ,အဖွဲ့ဝင်,
LWMP-02-0219,ဦးယန်ကျင်းကန်,ကွမ်းလုံမဲဆန္ဒနယ်,ပြည်သူ့လွှတ်တော်,ပြည်သူ့လွှတ်တော် ပို့ဆောင်ရေး၊ ဆက်သွယ်ရေးနှင့် ဆောက်လုပ်ရေးကော်မတီ,အဖွဲ့ဝင်,
LWMP-02-0098,ဒေါ်ယဥ်မင်းလှိုင်,ဂန့်ဂေါမဲဆန္ဒနယ်,ပြည်သူ့လွှတ်တော်,ပြည်သူ့လွှတ်တော် ပို့ဆောင်ရေး၊ ဆက်သွယ်ရေးနှင့် ဆောက်လုပ်ရေးကော်မတီ,အဖွဲ့ဝင်,
LWMP-02-0295,ဦးတင်မောင်ဝင်း,ဆိပ်ကမ်းမဲဆန္ဒနယ်,ပြည်သူ့လွှတ်တော်,ပြည်သူ့လွှတ်တော် ပို့ဆောင်ရေး၊ ဆက်သွယ်ရေးနှင့် ဆောက်လုပ်ရေးကော်မတီ,ဥက္ကဋ္ဌ,
LWMP-02-0103,ဦးအောင်သိုက်,ဆိပ်ဖြူမဲဆန္ဒနယ်,ပြည်သူ့လွှတ်တော်,ပြည်သူ့လွှတ်တော် ပို့ဆောင်ရေး၊ ဆက်သွယ်ရေးနှင့် ဆောက်လုပ်ရေးကော်မတီ,အဖွဲ့ဝင်,
LWMP-02-0189,ဦးနိုင်နိုင်ဝင်း,တမူးမဲဆန္ဒနယ်,ပြည်သူ့လွှတ်တော်,ပြည်သူ့လွှတ်တော် ပို့ဆောင်ရေး၊ ဆက်သွယ်ရေးနှင့် ဆောက်လုပ်ရေးကော်မတီ,အဖွဲ့ဝင်,
LWMP-02-0304,ဒေါက်တာခင်မောင်မောင်,ဒဂုံမြို့သစ်(မြောက်ပိုင်း)မဲဆန္ဒနယ်,ပြည်သူ့လွှတ်တော်,ပြည်သူ့လွှတ်တော် ပို့ဆောင်ရေး၊ ဆက်သွယ်ရေးနှင့် ဆောက်လုပ်ရေးကော်မတီ,အဖွဲ့ဝင်,
LWMP-02-0309,ဦးနေဖူးဗဆွေ,ပန်းဘဲတန်းမဲဆန္ဒနယ်,ပြည်သူ့လွှတ်တော်,ပြည်သူ့လွှတ်တော် ပို့ဆောင်ရေး၊ ဆက်သွယ်ရေးနှင့် ဆောက်လုပ်ရေးကော်မတီ,အတွင်းရေးမှူး,
LWMP-02-0282,ဦးသန်းစိုးအောင်,ပျဥ်းမနားမဲဆန္ဒနယ်,ပြည်သူ့လွှတ်တော်,ပြည်သူ့လွှတ်တော် ပို့ဆောင်ရေး၊ ဆက်သွယ်ရေးနှင့် ဆောက်လုပ်ရေးကော်မတီ,အဖွဲ့ဝင်,
LWMP-02-0272,ဦးအုန်းခင်,ပုလောမဲဆန္ဒနယ်,ပြည်သူ့လွှတ်တော်,ပြည်သူ့လွှတ်တော် ပို့ဆောင်ရေး၊ ဆက်သွယ်ရေးနှင့် ဆောက်လုပ်ရေးကော်မတီ,အဖွဲ့ဝင်,
LWMP-02-0237,ဦးတင်အေး,မက်မန်းမဲဆန္ဒနယ်,ပြည်သူ့လွှတ်တော်,ပြည်သူ့လွှတ်တော် ပို့ဆောင်ရေး၊ ဆက်သွယ်ရေးနှင့် ဆောက်လုပ်ရေးကော်မတီ,အဖွဲ့ဝင်,
LWMP-02-0167,ဦးစစ်နိုင်,မင်းပြားမဲဆန္ဒနယ်,ပြည်သူ့လွှတ်တော်,ပြည်သူ့လွှတ်တော် ပို့ဆောင်ရေး၊ ဆက်သွယ်ရေးနှင့် ဆောက်လုပ်ရေးကော်မတီ,အဖွဲ့ဝင်,
LWMP-02-0246,ဦးစိုင်းကျော်မိုး,မိုင်းပန်မဲဆန္ဒနယ်,ပြည်သူ့လွှတ်တော်,ပြည်သူ့လွှတ်တော် ပို့ဆောင်ရေး၊ ဆက်သွယ်ရေးနှင့် ဆောက်လုပ်ရေးကော်မတီ,အဖွဲ့ဝင်,
LWMP-02-0045,ဦးစောသလေးစော,ရွှေကျင်မဲဆန္ဒနယ်,ပြည်သူ့လွှတ်တော်,ပြည်သူ့လွှတ်တော် ပို့ဆောင်ရေး၊ ဆက်သွယ်ရေးနှင့် ဆောက်လုပ်ရေးကော်မတီ,အဖွဲ့ဝင်,
LWMP-02-0264,ဦးစိုင်းဦးခမ်း,သိန္နီမဲဆန္ဒနယ်,ပြည်သူ့လွှတ်တော်,ပြည်သူ့လွှတ်တော် ပို့ဆောင်ရေး၊ ဆက်သွယ်ရေးနှင့် ဆောက်လုပ်ရေးကော်မတီ,အဖွဲ့ဝင်,
,ဗိုလ်မှူချုပ်သန်းလွင်,,ပြည်သူ့လွှတ်တော်,ပြည်သူ့လွှတ်တော် ပြည်သူ့ငွေစာရင်းကော်မတီ,အဖွဲ့ဝင်,
LWMP-02-0181,ဦးမြင့်ကြည်,ကသာမဲဆန္ဒနယ်,ပြည်သူ့လွှတ်တော်,ပြည်သူ့လွှတ်တော် ပြည်သူ့ငွေစာရင်းကော်မတီ,အဖွဲ့ဝင်,
LWMP-02-0097,ဦးဘိုကြီး,ချောက်မဲဆန္ဒနယ်,ပြည်သူ့လွှတ်တော်,ပြည်သူ့လွှတ်တော် ပြည်သူ့ငွေစာရင်းကော်မတီ,အဖွဲ့ဝင်,
LWMP-02-0007,ဦးအောင်မင်း,ဇလွန်မဲဆန္ဒနယ်,ပြည်သူ့လွှတ်တော်,ပြည်သူ့လွှတ်တော် ပြည်သူ့ငွေစာရင်းကော်မတီ,ဥက္ကဋ္ဌ,
LWMP-02-0280,ဦးကျော်တင့်,တပ်ကုန်းမဲဆန္ဒနယ်,ပြည်သူ့လွှတ်တော်,ပြည်သူ့လွှတ်တော် ပြည်သူ့ငွေစာရင်းကော်မတီ,အဖွဲ့ဝင်,
LWMP-02-0033,ဦးခင်မောင်သန်း,တောင်ငူမဲဆန္ဒနယ်,ပြည်သူ့လွှတ်တော်,ပြည်သူ့လွှတ်တော် ပြည်သူ့ငွေစာရင်းကော်မတီ,အတွင်းရေးမှူး,
LWMP-02-0130,ဦးစစ်အေး,တောင်သာမဲဆန္ဒနယ်,ပြည်သူ့လွှတ်တော်,ပြည်သူ့လွှတ်တော် ပြည်သူ့ငွေစာရင်းကော်မတီ,အဖွဲ့ဝင်,
LWMP-02-0039,ဒေါ်နီနီဒွန်း,ပေါက်ခေါင်းမဲဆန္ဒနယ်,ပြည်သူ့လွှတ်တော်,ပြည်သူ့လွှတ်တော် ပြည်သူ့ငွေစာရင်းကော်မတီ,အဖွဲ့ဝင်,
LWMP-02-0317,ဦးအောင်ဝင်း,မှော်ဘီမဲဆန္ဒနယ်,ပြည်သူ့လွှတ်တော်,ပြည်သူ့လွှတ်တော် ပြည်သူ့ငွေစာရင်းကော်မတီ,အဖွဲ့ဝင်,
LWMP-02-0248,ဦးလင်းဇော်ထွန်း,မိုင်းဖြတ်မဲဆန္ဒနယ်,ပြည်သူ့လွှတ်တော်,ပြည်သူ့လွှတ်တော် ပြည်သူ့ငွေစာရင်းကော်မတီ,အဖွဲ့ဝင်,
LWMP-02-0252,ဦးစိုင်းသီဟကျော်,မိုင်းရယ်မဲဆန္ဒနယ်,ပြည်သူ့လွှတ်တော်,ပြည်သူ့လွှတ်တော် ပြည်သူ့ငွေစာရင်းကော်မတီ,အဖွဲ့ဝင်,
LWMP-02-0202,ဒေါ်ချိုချိုဝင်း,မော်လိုက်မဲဆန္ဒနယ်,ပြည်သူ့လွှတ်တော်,ပြည်သူ့လွှတ်တော် ပြည်သူ့ငွေစာရင်းကော်မတီ,အဖွဲ့ဝင်,
LWMP-02-0322,ဦးသိန်းတန်,လှည်းကူးမဲဆန္ဒနယ်,ပြည်သူ့လွှတ်တော်,ပြည်သူ့လွှတ်တော် ပြည်သူ့ငွေစာရင်းကော်မတီ,အဖွဲ့ဝင်,
LWMP-02-0094,ဦးခင်ချို,လှိုင်းဘွဲ့မဲဆန္ဒနယ်,ပြည်သူ့လွှတ်တော်,ပြည်သူ့လွှတ်တော် ပြည်သူ့ငွေစာရင်းကော်မတီ,အဖွဲ့ဝင်,
LWMP-02-0119,ဦးကံမြင့်,သရက်မဲဆန္ဒနယ်,ပြည်သူ့လွှတ်တော်,ပြည်သူ့လွှတ်တော် ပြည်သူ့ငွေစာရင်းကော်မတီ,အဖွဲ့ဝင်,
,ဗိုလ်မှူးကြီးထွန်းသန်းအုန်း,,ပြည်သူ့လွှတ်တော်,ပြည်သူ့လွှတ်တော် ပြည်သူ့ရေးရာစီမံခန့်ခွဲမှုကော်မတီ,အဖွဲ့ဝင်,
LWMP-02-0005,ဦးထွန်းလင်းမော်,ကြံခင်းမဲဆန္ဒနယ်,ပြည်သူ့လွှတ်တော်,ပြည်သူ့လွှတ်တော် ပြည်သူ့ရေးရာစီမံခန့်ခွဲမှုကော်မတီ,အဖွဲ့ဝင်,
LWMP-02-0125,ဦးမင်းသိန်း,ငါန်းဇွန်မဲဆန္ဒနယ်,ပြည်သူ့လွှတ်တော်,ပြည်သူ့လွှတ်တော် ပြည်သူ့ရေးရာစီမံခန့်ခွဲမှုကော်မတီ,အဖွဲ့ဝင်,
LWMP-02-0082,ဦးပေါလ်ဆိုင်း,ဒီးမော့ဆိုမဲဆန္ဒနယ်,ပြည်သူ့လွှတ်တော်,ပြည်သူ့လွှတ်တော် ပြည်သူ့ရေးရာစီမံခန့်ခွဲမှုကော်မတီ,အဖွဲ့ဝင်,
LWMP-02-0228,ဦးဌေးလွင်(ခ)ဦးဒီလုံး,နမ့်စန်မဲဆန္ဒနယ်,ပြည်သူ့လွှတ်တော်,ပြည်သူ့လွှတ်တော် ပြည်သူ့ရေးရာစီမံခန့်ခွဲမှုကော်မတီ,အဖွဲ့ဝင်,
LWMP-02-0165,ဦးအောင်ကျော်ဇံ,ပေါက်တောမဲဆန္ဒနယ်,ပြည်သူ့လွှတ်တော်,ပြည်သူ့လွှတ်တော် ပြည်သူ့ရေးရာစီမံခန့်ခွဲမှုကော်မတီ,အဖွဲ့ဝင်,
LWMP-02-0071,ဦးတင့်စိုး,ဖားကန့်မဲဆန္ဒနယ်,ပြည်သူ့လွှတ်တော်,ပြည်သူ့လွှတ်တော် ပြည်သူ့ရေးရာစီမံခန့်ခွဲမှုကော်မတီ,အတွင်းရေးမှူး,
LWMP-02-0112,ဒေါ်ခင်သန်းနု,မင်းတုန်းမဲဆန္ဒနယ်,ပြည်သူ့လွှတ်တော်,ပြည်သူ့လွှတ်တော် ပြည်သူ့ရေးရာစီမံခန့်ခွဲမှုကော်မတီ,အဖွဲ့ဝင်,
LWMP-02-0138,ဒေါက်တာဦးလင်းလင်းကျော်,မြစ်သားမဲဆန္ဒနယ်,ပြည်သူ့လွှတ်တော်,ပြည်သူ့လွှတ်တော် ပြည်သူ့ရေးရာစီမံခန့်ခွဲမှုကော်မတီ,အဖွဲ့ဝင်,
LWMP-02-0076,ဦးဝင်းနိုင်,မိုးကောင်းမဲဆန္ဒနယ်,ပြည်သူ့လွှတ်တော်,ပြည်သူ့လွှတ်တော် ပြည်သူ့ရေးရာစီမံခန့်ခွဲမှုကော်မတီ,အဖွဲ့ဝင်,
LWMP-02-0318,ဒေါ်ဇင်မာအောင်,ရန်ကင်းမဲဆန္ဒနယ်,ပြည်သူ့လွှတ်တော်,ပြည်သူ့လွှတ်တော် ပြည်သူ့ရေးရာစီမံခန့်ခွဲမှုကော်မတီ,အဖွဲ့ဝင်,
LWMP-02-0156,ဒေါက်တာအောင်ထွန်းခိုင်(ခ)ဦးချိန်ဝင်း,ရေးမဲဆန္ဒနယ်,ပြည်သူ့လွှတ်တော်,ပြည်သူ့လွှတ်တော် ပြည်သူ့ရေးရာစီမံခန့်ခွဲမှုကော်မတီ,ဥက္ကဋ္ဌ,
LWMP-02-0174,ဦးမင်းကြည်,သံတွဲမဲဆန္ဒနယ်,ပြည်သူ့လွှတ်တော်,ပြည်သူ့လွှတ်တော် ပြည်သူ့ရေးရာစီမံခန့်ခွဲမှုကော်မတီ,အဖွဲ့ဝင်,
LWMP-02-0326,ဦးလွင်ကိုလတ်,သန်လျင်မဲဆန္ဒနယ်,ပြည်သူ့လွှတ်တော်,ပြည်သူ့လွှတ်တော် ပြည်သူ့ရေးရာစီမံခန့်ခွဲမှုကော်မတီ,အဖွဲ့ဝင်,
LWMP-02-0211,ဒေါက်တာဒေါ်ပြုံး,အင်းတော်မဲဆန္ဒနယ်,ပြည်သူ့လွှတ်တော်,ပြည်သူ့လွှတ်တော် ပြည်သူ့ရေးရာစီမံခန့်ခွဲမှုကော်မတီ,အဖွဲ့ဝင်,
,ဗိုလ်မှူးချုပ်တင်စိုး,,ပြည်သူ့လွှတ်တော်,ပြည်သူ့လွှတ်တော် ဘဏ်များနှင့်ငွေကြေးဆိုင်ရာ ဖွံ့ဖြိုးတိုးတက်ရေးကော်မတီ,အဖွဲ့ဝင်,
LWMP-02-0003,ဦးစိုးအောင်နိုင်,ကျုံပျော်မဲဆန္ဒနယ်,ပြည်သူ့လွှတ်တော်,ပြည်သူ့လွှတ်တော် ဘဏ်များနှင့်ငွေကြေးဆိုင်ရာ ဖွံ့ဖြိုးတိုးတက်ရေးကော်မတီ,အဖွဲ့ဝင်,
LWMP-02-0215,ဦးစိုင်းထွန်းအောင်,ကျောက်မဲမဲဆန္ဒနယ်,ပြည်သူ့လွှတ်တော်,ပြည်သူ့လွှတ်တော် ဘဏ်များနှင့်ငွေကြေးဆိုင်ရာ ဖွံ့ဖြိုးတိုးတက်ရေးကော်မတီ,အဖွဲ့ဝင်,
LWMP-02-0296,ဦးတင်ထွန်းနိုင်,ဆိပ်ကြီး/ခနောင်တိုမဲဆန္ဒနယ်,ပြည်သူ့လွှတ်တော်,ပြည်သူ့လွှတ်တော် ဘဏ်များနှင့်ငွေကြေးဆိုင်ရာ ဖွံ့ဖြိုးတိုးတက်ရေးကော်မတီ,အတွင်းရေးမှူး,
LWMP-02-0306,ဒေါက်တာသက်သက်ခိုင်,ဒဂုံမဲဆန္ဒနယ်,ပြည်သူ့လွှတ်တော်,ပြည်သူ့လွှတ်တော် ဘဏ်များနှင့်ငွေကြေးဆိုင်ရာ ဖွံ့ဖြိုးတိုးတက်ရေးကော်မတီ,အဖွဲ့ဝင်,
LWMP-02-0132,,ပျော်ဘွယ်မဲဆန္ဒနယ်,ပြည်သူ့လွှတ်တော်,ပြည်သူ့လွှတ်တော် ဘဏ်များနှင့်ငွေကြေးဆိုင်ရာ ဖွံ့ဖြိုးတိုးတက်ရေးကော်မတီ,အဖွဲ့ဝင်,
LWMP-02-0194,ဒေါ်ခင်စန်းလှိုင်,ပုလဲမဲဆန္ဒနယ်,ပြည်သူ့လွှတ်တော်,ပြည်သူ့လွှတ်တော် ဘဏ်များနှင့်ငွေကြေးဆိုင်ရာ ဖွံ့ဖြိုးတိုးတက်ရေးကော်မတီ,ဥက္ကဋ္ဌ,
LWMP-02-0110,ဦးရဲထွန်းဝင်း,ပေါက်မဲဆန္ဒနယ်,ပြည်သူ့လွှတ်တော်,ပြည်သူ့လွှတ်တော် ဘဏ်များနှင့်ငွေကြေးဆိုင်ရာ ဖွံ့ဖြိုးတိုးတက်ရေးကော်မတီ,အဖွဲ့ဝင်,
LWMP-02-0169,ဦးဦးလှစော,မြောက်ဦးမဲဆန္ဒနယ်,ပြည်သူ့လွှတ်တော်,ပြည်သူ့လွှတ်တော် ဘဏ်များနှင့်ငွေကြေးဆိုင်ရာ ဖွံ့ဖြိုးတိုးတက်ရေးကော်မတီ,အဖွဲ့ဝင်,
LWMP-02-0203,ဦးအောင်စိုး,ယင်းမာပင်မဲဆန္ဒနယ်,ပြည်သူ့လွှတ်တော်,ပြည်သူ့လွှတ်တော် ဘဏ်များနှင့်ငွေကြေးဆိုင်ရာ ဖွံ့ဖြိုးတိုးတက်ရေးကော်မတီ,အဖွဲ့ဝင်,
LWMP-02-0275,ဦးသက်နိုင်ဦး,ရေဖြူမဲဆန္ဒနယ်,ပြည်သူ့လွှတ်တော်,ပြည်သူ့လွှတ်တော် ဘဏ်များနှင့်ငွေကြေးဆိုင်ရာ ဖွံ့ဖြိုးတိုးတက်ရေးကော်မတီ,အဖွဲ့ဝင်,
LWMP-02-0284,ဦးမျိုးဇော်ဦး,လယ်ဝေးမဲဆန္ဒနယ်,ပြည်သူ့လွှတ်တော်,ပြည်သူ့လွှတ်တော် ဘဏ်များနှင့်ငွေကြေးဆိုင်ရာ ဖွံ့ဖြိုးတိုးတက်ရေးကော်မတီ,အဖွဲ့ဝင်,
LWMP-02-0146,ဦးမင်းကိုကို,သာစည်မဲဆန္ဒနယ်,ပြည်သူ့လွှတ်တော်,ပြည်သူ့လွှတ်တော် ဘဏ်များနှင့်ငွေကြေးဆိုင်ရာ ဖွံ့ဖြိုးတိုးတက်ရေးကော်မတီ,အဖွဲ့ဝင်,
LWMP-02-0267,ဦးခွန်အောင်ကျော်,ဟိုပုံးမဲဆန္ဒနယ်,ပြည်သူ့လွှတ်တော်,ပြည်သူ့လွှတ်တော် ဘဏ်များနှင့်ငွေကြေးဆိုင်ရာ ဖွံ့ဖြိုးတိုးတက်ရေးကော်မတီ,အဖွဲ့ဝင်,
LWMP-02-0053,ဒေါ်ချိုချို,အုတ်တွင်းမဲဆန္ဒနယ်,ပြည်သူ့လွှတ်တော်,ပြည်သူ့လွှတ်တော် ဘဏ်များနှင့်ငွေကြေးဆိုင်ရာ ဖွံ့ဖြိုးတိုးတက်ရေးကော်မတီ,အဖွဲ့ဝင်,
,ဒုတိယဗိုလ်မှူးကြီးခင်မောင်ဆွေ,,ပြည်သူ့လွှတ်တော်,ပြည်သူ့လွှတ်တော် ရင်းနှီးမြှပ်နှံမှုနှင့် စက်မှုလက်မှုဖွံ့ဖြိုးတိုးတက်ရေးကော်မတီ,အဖွဲ့ဝင်,
LWMP-02-0187,ဦးဝင်းသိန်းဇော်,ဆားလင်းကြီးမဲဆန္ဒနယ်,ပြည်သူ့လွှတ်တော်,ပြည်သူ့လွှတ်တော် ရင်းနှီးမြှပ်နှံမှုနှင့် စက်မှုလက်မှုဖွံ့ဖြိုးတိုးတက်ရေးကော်မတီ,ဥက္ကဋ္ဌ,
LWMP-02-0008,ဦးအုန်းလွင်,ညောင်တုန်းမဲဆန္ဒနယ်,ပြည်သူ့လွှတ်တော်,ပြည်သူ့လွှတ်တော် ရင်းနှီးမြှပ်နှံမှုနှင့် စက်မှုလက်မှုဖွံ့ဖြိုးတိုးတက်ရေးကော်မတီ,အဖွဲ့ဝင်,
LWMP-02-0281,ဦးသန့်ဇင်ထွန်း,ဒက္ခိဏသီရိမဲဆန္ဒနယ်,ပြည်သူ့လွှတ်တော်,ပြည်သူ့လွှတ်တော် ရင်းနှီးမြှပ်နှံမှုနှင့် စက်မှုလက်မှုဖွံ့ဖြိုးတိုးတက်ရေးကော်မတီ,အဖွဲ့ဝင်,
LWMP-02-0040,ဦးအေးမင်းအောင်(ခ)ဦးမင်းမင်း,ပေါင်းတည်မဲဆန္ဒနယ်,ပြည်သူ့လွှတ်တော်,ပြည်သူ့လွှတ်တော် ရင်းနှီးမြှပ်နှံမှုနှင့် စက်မှုလက်မှုဖွံ့ဖြိုးတိုးတက်ရေးကော်မတီ,အဖွဲ့ဝင်,
LWMP-02-0236,ဦးဖိုးမောင်,ဖယ်ခုံမဲဆန္ဒနယ်,ပြည်သူ့လွှတ်တော်,ပြည်သူ့လွှတ်တော် ရင်းနှီးမြှပ်နှံမှုနှင့် စက်မှုလက်မှုဖွံ့ဖြိုးတိုးတက်ရေးကော်မတီ,အဖွဲ့ဝင်,
LWMP-02-0013,ဦးဝင်းထွဋ်,ဖျာပုံမဲဆန္ဒနယ်,ပြည်သူ့လွှတ်တော်,ပြည်သူ့လွှတ်တော် ရင်းနှီးမြှပ်နှံမှုနှင့် စက်မှုလက်မှုဖွံ့ဖြိုးတိုးတက်ရေးကော်မတီ,အဖွဲ့ဝင်,
LWMP-02-0042,ဦးသန်းညွန့်,ဖြူးမဲဆန္ဒနယ်,ပြည်သူ့လွှတ်တော်,ပြည်သူ့လွှတ်တော် ရင်းနှီးမြှပ်နှံမှုနှင့် စက်မှုလက်မှုဖွံ့ဖြိုးတိုးတက်ရေးကော်မတီ,အဖွဲ့ဝင်,
LWMP-02-0196,ဦးကျော်စိုး,ဗန်းမောက်မဲဆန္ဒနယ်,ပြည်သူ့လွှတ်တော်,ပြည်သူ့လွှတ်တော် ရင်းနှီးမြှပ်နှံမှုနှင့် စက်မှုလက်မှုဖွံ့ဖြိုးတိုးတက်ရေးကော်မတီ,အဖွဲ့ဝင်,
LWMP-02-0273,ဦးနေလင်းထွန်း,ဘုတ်ပြင်းမဲဆန္ဒနယ်,ပြည်သူ့လွှတ်တော်,ပြည်သူ့လွှတ်တော် ရင်းနှီးမြှပ်နှံမှုနှင့် စက်မှုလက်မှုဖွံ့ဖြိုးတိုးတက်ရေးကော်မတီ,အဖွဲ့ဝင်,
LWMP-02-0137,ဦးသက်လွင်(ခ)ပေါခင်,မြင်းခြံမဲဆန္ဒနယ်,ပြည်သူ့လွှတ်တော်,ပြည်သူ့လွှတ်တော် ရင်းနှီးမြှပ်နှံမှုနှင့် စက်မှုလက်မှုဖွံ့ဖြိုးတိုးတက်ရေးကော်မတီ,အတွင်းရေးမှူး,
LWMP-02-0116,ဦးအောင်ခင်ဝင်း,မြိုင်မဲဆန္ဒနယ်,ပြည်သူ့လွှတ်တော်,ပြည်သူ့လွှတ်တော် ရင်းနှီးမြှပ်နှံမှုနှင့် စက်မှုလက်မှုဖွံ့ဖြိုးတိုးတက်ရေးကော်မတီ,အဖွဲ့ဝင်,
LWMP-02-0323,ဦးအောင်ကျော်ကျော်ဦး,လှိုင်မဲဆန္ဒနယ်,ပြည်သူ့လွှတ်တော်,ပြည်သူ့လွှတ်တော် ရင်းနှီးမြှပ်နှံမှုနှင့် စက်မှုလက်မှုဖွံ့ဖြိုးတိုးတက်ရေးကော်မတီ,အဖွဲ့ဝင်,
LWMP-02-0145,ဒေါက်တာအောင်နိုင်,သပိတ်ကျင်းမဲဆန္ဒနယ်,ပြည်သူ့လွှတ်တော်,ပြည်သူ့လွှတ်တော် ရင်းနှီးမြှပ်နှံမှုနှင့် စက်မှုလက်မှုဖွံ့ဖြိုးတိုးတက်ရေးကော်မတီ,အဖွဲ့ဝင်,
LWMP-02-0063,ဦးနှီယာအုပ်,ဟားခါးမဲဆန္ဒနယ်,ပြည်သူ့လွှတ်တော်,ပြည်သူ့လွှတ်တော် ရင်းနှီးမြှပ်နှံမှုနှင့် စက်မှုလက်မှုဖွံ့ဖြိုးတိုးတက်ရေးကော်မတီ,အဖွဲ့ဝင်,
,ဒုတိယဗိုလ်မှူးကြီးမြဦး,,ပြည်သူ့လွှတ်တော်,ပြည်သူ့လွှတ်တော် လျှပ်စစ်နှင့် စွမ်းအင်ဖွံ့ဖြိုးတိုးတက်ရေးကော်မတီ,အဖွဲ့ဝင်,
LWMP-02-0287,ဦးနေမျိုးထက်,ကျောက်တံတားမဲဆန္ဒနယ်,ပြည်သူ့လွှတ်တော်,ပြည်သူ့လွှတ်တော် လျှပ်စစ်နှင့် စွမ်းအင်ဖွံ့ဖြိုးတိုးတက်ရေးကော်မတီ,အဖွဲ့ဝင်,
LWMP-02-0180,ဦးသန်းထွန်းမြင့်,ကလေးဝမဲဆန္ဒနယ်,ပြည်သူ့လွှတ်တော်,ပြည်သူ့လွှတ်တော် လျှပ်စစ်နှင့် စွမ်းအင်ဖွံ့ဖြိုးတိုးတက်ရေးကော်မတီ,အဖွဲ့ဝင်,
LWMP-02-0220,ဦးလီကျိန်းဖူ(ခ)မြင့်ဆွေ,ကုန်းကြမ်းမဲဆန္ဒနယ်,ပြည်သူ့လွှတ်တော်,ပြည်သူ့လွှတ်တော် လျှပ်စစ်နှင့် စွမ်းအင်ဖွံ့ဖြိုးတိုးတက်ရေးကော်မတီ,အဖွဲ့ဝင်,
LWMP-02-0127,ဒေါက်တာဇော်ဝင်းမြင့်,စဥ့်ကူးမဲဆန္ဒနယ်,ပြည်သူ့လွှတ်တော်,ပြည်သူ့လွှတ်တော် လျှပ်စစ်နှင့် စွမ်းအင်ဖွံ့ဖြိုးတိုးတက်ရေးကော်မတီ,အဖွဲ့ဝင်,
LWMP-02-0224,ဦးဌေးဝင်း,တာချီလိတ်မဲဆန္ဒနယ်,ပြည်သူ့လွှတ်တော်,ပြည်သူ့လွှတ်တော် လျှပ်စစ်နှင့် စွမ်းအင်ဖွံ့ဖြိုးတိုးတက်ရေးကော်မတီ,အဖွဲ့ဝင်,
LWMP-02-0197,ဦးမြင့်ဟန်ထွန်း,ဘုတလင်မဲဆန္ဒနယ်,ပြည်သူ့လွှတ်တော်,ပြည်သူ့လွှတ်တော် လျှပ်စစ်နှင့် စွမ်းအင်ဖွံ့ဖြိုးတိုးတက်ရေးကော်မတီ,အဖွဲ့ဝင်,
LWMP-02-0111,ဦးမြင့်ဦး,မကွေးမဲဆန္ဒနယ်,ပြည်သူ့လွှတ်တော်,ပြည်သူ့လွှတ်တော် လျှပ်စစ်နှင့် စွမ်းအင်ဖွံ့ဖြိုးတိုးတက်ရေးကော်မတီ,အဖွဲ့ဝင်,
LWMP-02-0115,ဦးသာအောင်,မြို့သစ်မဲဆန္ဒနယ်,ပြည်သူ့လွှတ်တော်,ပြည်သူ့လွှတ်တော် လျှပ်စစ်နှင့် စွမ်းအင်ဖွံ့ဖြိုးတိုးတက်ရေးကော်မတီ,အဖွဲ့ဝင်,
LWMP-02-0139,ဦးလှထွန်းအောင်(ခ)ဦးမောင်မောင်,မလှိုင်မဲဆန္ဒနယ်,ပြည်သူ့လွှတ်တော်,ပြည်သူ့လွှတ်တော် လျှပ်စစ်နှင့် စွမ်းအင်ဖွံ့ဖြိုးတိုးတက်ရေးကော်မတီ,အဖွဲ့ဝင်,
LWMP-02-0047,ဦးကြည်မိုးနိုင်,ရေတာရှည်မဲဆန္ဒနယ်,ပြည်သူ့လွှတ်တော်,ပြည်သူ့လွှတ်တော် လျှပ်စစ်နှင့် စွမ်းအင်ဖွံ့ဖြိုးတိုးတက်ရေးကော်မတီ,ဥက္ကဋ္ဌ,
LWMP-02-0157,ဦးဉာဏ်ဟိန်း,သံဖြူဇရပ်မဲဆန္ဒနယ်,ပြည်သူ့လွှတ်တော်,ပြည်သူ့လွှတ်တော် လျှပ်စစ်နှင့် စွမ်းအင်ဖွံ့ဖြိုးတိုးတက်ရေးကော်မတီ,အဖွဲ့ဝင်,
LWMP-02-0025,ဦးအေးဝင်း,အင်္ဂပူမဲဆန္ဒနယ်,ပြည်သူ့လွှတ်တော်,ပြည်သူ့လွှတ်တော် လျှပ်စစ်နှင့် စွမ်းအင်ဖွံ့ဖြိုးတိုးတက်ရေးကော်မတီ,အဖွဲ့ဝင်,
LWMP-02-0147,ဦးစိုးမြင့်(ခ)ဦးအောင်ဇော်မြင့်,အမရပူရမဲဆန္ဒနယ်,ပြည်သူ့လွှတ်တော်,ပြည်သူ့လွှတ်တော် လျှပ်စစ်နှင့် စွမ်းအင်ဖွံ့ဖြိုးတိုးတက်ရေးကော်မတီ,အတွင်းရေးမှူး,
LWMP-02-0054,ဦးဇော်မင်း,အုတ်ဖိုမဲဆန္ဒနယ်,ပြည်သူ့လွှတ်တော်,ပြည်သူ့လွှတ်တော် လျှပ်စစ်နှင့် စွမ်းအင်ဖွံ့ဖြိုးတိုးတက်ရေးကော်မတီ,အဖွဲ့ဝင်,
,ဗိုလ်ချုပ်တောက်ထွန်း,,ပြည်သူ့လွှတ်တော်,ပြည်သူ့လွှတ်တော် လွှတ်တော်အခွင့်အရေးကော်မတီ,အဖွဲ့ဝင်,
LWMP-02-0217,ဦးတီခွန်မြတ်,ကွတ်ခိုင်မဲဆန္ဒနယ်,ပြည်သူ့လွှတ်တော်,ပြည်သူ့လွှတ်တော် လွှတ်တော်အခွင့်အရေးကော်မတီ,ဥက္ကဋ္ဌ,
LWMP-02-0186,ဦးခင်မောင်သိန်း,စစ်ကိုင်းမဲဆန္ဒနယ်,ပြည်သူ့လွှတ်တော်,ပြည်သူ့လွှတ်တော် လွှတ်တော်အခွင့်အရေးကော်မတီ,အဖွဲ့ဝင်,
LWMP-02-0032,ဒေါက်တာမြင့်သိန်း,ညောင်လေးပင်မဲဆန္ဒနယ်,ပြည်သူ့လွှတ်တော်,ပြည်သူ့လွှတ်တော် လွှတ်တော်အခွင့်အရေးကော်မတီ,အဖွဲ့ဝင်,
LWMP-02-0068,ဦးလင်းလင်းဦး,တနိုင်းမဲဆန္ဒနယ်,ပြည်သူ့လွှတ်တော်,ပြည်သူ့လွှတ်တော် လွှတ်တော်အခွင့်အရေးကော်မတီ,အဖွဲ့ဝင်,
LWMP-02-0300,ဒေါက်တာစောနိုင်,တောင်ဥက္ကလာပမဲဆန္ဒနယ်,ပြည်သူ့လွှတ်တော်,ပြည်သူ့လွှတ်တော် လွှတ်တော်အခွင့်အရေးကော်မတီ,အဖွဲ့ဝင်,
LWMP-02-0108,ဦးပိုက်ကို,ပခုက္ကူမဲဆန္ဒနယ်,ပြည်သူ့လွှတ်တော်,ပြည်သူ့လွှတ်တော် လွှတ်တော်အခွင့်အရေးကော်မတီ,အဖွဲ့ဝင်,
LWMP-02-0164,ဦးဦးထွန်းမောင်,ပုဏ္ဏားကျွန်းမဲဆန္ဒနယ်,ပြည်သူ့လွှတ်တော်,ပြည်သူ့လွှတ်တော် လွှတ်တော်အခွင့်အရေးကော်မတီ,အဖွဲ့ဝင်,
LWMP-02-0135,ဦးသောင်းဌေးလင်း,ပုသိမ်ကြီးမဲဆန္ဒနယ်,ပြည်သူ့လွှတ်တော်,ပြည်သူ့လွှတ်တော် လွှတ်တော်အခွင့်အရေးကော်မတီ,အဖွဲ့ဝင်,
LWMP-02-0084,ဒေါ်နန်းထွေးသူ,ဖာဆောင်းမဲဆန္ဒနယ်,ပြည်သူ့လွှတ်တော်,ပြည်သူ့လွှတ်တော် လွှတ်တော်အခွင့်အရေးကော်မတီ,အဖွဲ့ဝင်,
LWMP-02-0093,ဦးစိန်ဗိုလ်,မြဝတီမဲဆန္ဒနယ်,ပြည်သူ့လွှတ်တော်,ပြည်သူ့လွှတ်တော် လွှတ်တော်အခွင့်အရေးကော်မတီ,အဖွဲ့ဝင်,
LWMP-02-0240,ဦးစိုင်းစန်သိန်း,မိုးနဲမဲဆန္ဒနယ်,ပြည်သူ့လွှတ်တော်,ပြည်သူ့လွှတ်တော် လွှတ်တော်အခွင့်အရေးကော်မတီ,အဖွဲ့ဝင်,
LWMP-02-0260,ဦးခင်မောင်သီ,လွိုင်လင်မဲဆန္ဒနယ်,ပြည်သူ့လွှတ်တော်,ပြည်သူ့လွှတ်တော် လွှတ်တော်အခွင့်အရေးကော်မတီ,အဖွဲ့ဝင်,
LWMP-02-0277,ဦးအောင်စိုး,သရက်ချောင်းမဲဆန္ဒနယ်,ပြည်သူ့လွှတ်တော်,ပြည်သူ့လွှတ်တော် လွှတ်တော်အခွင့်အရေးကော်မတီ,အဖွဲ့ဝင်,
LWMP-02-0148,ဒေါက်တာလှမိုး,အောင်မြေသာစံမဲဆန္ဒနယ်,ပြည်သူ့လွှတ်တော်,ပြည်သူ့လွှတ်တော် လွှတ်တော်အခွင့်အရေးကော်မတီ,အတွင်းရေးမှူး,
,ဗိုလ်မှူးချုပ်ဝင်းဆွေ,,ပြည်သူ့လွှတ်တော်,ပြည်သူ့လွှတ်တော် သယံဇာတနှင့် သဘာဝပတ်ဝန်းကျင်ထိန်းသိမ်းရေးဆိုင်ရာကော်မတီ,အဖွဲ့ဝင်,
LWMP-02-0179,ဒေါ်အေးအေးမူ(ခ)ရှားမီ,ကလေးမဲဆန္ဒနယ်,ပြည်သူ့လွှတ်တော်,ပြည်သူ့လွှတ်တော် သယံဇာတနှင့် သဘာဝပတ်ဝန်းကျင်ထိန်းသိမ်းရေးဆိုင်ရာကော်မတီ,အဖွဲ့ဝင်,
LWMP-02-0218,ဒေါ်နန်းခင်စော,ကွန်ဟိန်းမဲဆန္ဒနယ်,ပြည်သူ့လွှတ်တော်,ပြည်သူ့လွှတ်တော် သယံဇာတနှင့် သဘာဝပတ်ဝန်းကျင်ထိန်းသိမ်းရေးဆိုင်ရာကော်မတီ,အဖွဲ့ဝင်,
LWMP-02-0290,ဦးစိုးသူရထွန်း,ကွမ်းခြံကုန်းမဲဆန္ဒနယ်,ပြည်သူ့လွှတ်တော်,ပြည်သူ့လွှတ်တော် သယံဇာတနှင့် သဘာဝပတ်ဝန်းကျင်ထိန်းသိမ်းရေးဆိုင်ရာကော်မတီ,ဥက္ကဋ္ဌ,
LWMP-02-0102,ဦးနေထက်ဝင်း,ဆင်ပေါင်ဝဲမဲဆန္ဒနယ်,ပြည်သူ့လွှတ်တော်,ပြည်သူ့လွှတ်တော် သယံဇာတနှင့် သဘာဝပတ်ဝန်းကျင်ထိန်းသိမ်းရေးဆိုင်ရာကော်မတီ,အဖွဲ့ဝင်,
LWMP-02-0067,ဦးလာမာလေး,ဆော့လော်မဲဆန္ဒနယ်,ပြည်သူ့လွှတ်တော်,ပြည်သူ့လွှတ်တော် သယံဇာတနှင့် သဘာဝပတ်ဝန်းကျင်ထိန်းသိမ်းရေးဆိုင်ရာကော်မတီ,အဖွဲ့ဝင်,
LWMP-02-0222,ဦးဝင်းမြင့်ဦး(ခ)ဦးနေမျိုး,ညောင်ရွှေမဲဆန္ဒနယ်,ပြည်သူ့လွှတ်တော်,ပြည်သူ့လွှတ်တော် သယံဇာတနှင့် သဘာဝပတ်ဝန်းကျင်ထိန်းသိမ်းရေးဆိုင်ရာကော်မတီ,အဖွဲ့ဝင်,
LWMP-02-0303,ဦးအေးနိုင်,ဒဂုံမြို့သစ်(တောင်ပိုင်း)မဲဆန္ဒနယ်,ပြည်သူ့လွှတ်တော်,ပြည်သူ့လွှတ်တော် သယံဇာတနှင့် သဘာဝပတ်ဝန်းကျင်ထိန်းသိမ်းရေးဆိုင်ရာကော်မတီ,အတွင်းရေးမှူး,
LWMP-02-0069,ဦးဂျီဖုန်ဆားရ်,နောင်မွန်းမဲဆန္ဒနယ်,ပြည်သူ့လွှတ်တော်,ပြည်သူ့လွှတ်တော် သယံဇာတနှင့် သဘာဝပတ်ဝန်းကျင်ထိန်းသိမ်းရေးဆိုင်ရာကော်မတီ,အဖွဲ့ဝင်,
LWMP-02-0193,ဦးမင်းနောင်,ပင်လည်ဘူးမဲဆန္ဒနယ်,ပြည်သူ့လွှတ်တော်,ပြည်သူ့လွှတ်တော် သယံဇာတနှင့် သဘာဝပတ်ဝန်းကျင်ထိန်းသိမ်းရေးဆိုင်ရာကော်မတီ,အဖွဲ့ဝင်,
LWMP-02-0011,ဦးမန်းညွန့်သိန်း,ပန်းတနော်မဲဆန္ဒနယ်,ပြည်သူ့လွှတ်တော်,ပြည်သူ့လွှတ်တော် သယံဇာတနှင့် သဘာဝပတ်ဝန်းကျင်ထိန်းသိမ်းရေးဆိုင်ရာကော်မတီ,အဖွဲ့ဝင်,
LWMP-02-0283,ဦးရည်မွန်(ခ)မောင်တင်သစ်,ပုဗ္ဗသီရိမဲဆန္ဒနယ်,ပြည်သူ့လွှတ်တော်,ပြည်သူ့လွှတ်တော် သယံဇာတနှင့် သဘာဝပတ်ဝန်းကျင်ထိန်းသိမ်းရေးဆိုင်ရာကော်မတီ,အဖွဲ့ဝင်,
LWMP-02-0142,ဦးအောင်နိုင်(ခ)နိုင်ငံကျော်,မိုးကုတ်မဲဆန္ဒနယ်,ပြည်သူ့လွှတ်တော်,ပြည်သူ့လွှတ်တော် သယံဇာတနှင့် သဘာဝပတ်ဝန်းကျင်ထိန်းသိမ်းရေးဆိုင်ရာကော်မတီ,အဖွဲ့ဝင်,
LWMP-02-0046,ဒေါ်မြခွာညိုဦး,ရွှေတောင်မဲဆန္ဒနယ်,ပြည်သူ့လွှတ်တော်,ပြည်သူ့လွှတ်တော် သယံဇာတနှင့် သဘာဝပတ်ဝန်းကျင်ထိန်းသိမ်းရေးဆိုင်ရာကော်မတီ,အဖွဲ့ဝင်,
LWMP-02-0206,ဦးသက်နောင်,လဟယ်မဲဆန္ဒနယ်,ပြည်သူ့လွှတ်တော်,ပြည်သူ့လွှတ်တော် သယံဇာတနှင့် သဘာဝပတ်ဝန်းကျင်ထိန်းသိမ်းရေးဆိုင်ရာကော်မတီ,အဖွဲ့ဝင်,
LWMP-02-0268,ဒေါ်တင်တင်ရီ,ကျွန်းစုမဲဆန္ဒနယ်,ပြည်သူ့လွှတ်တော်,ပြည်သူ့လွှတ်တော် အစိုးရ၏ အာမခံချက်များ၊ ကတိများ၊ တာဝန်ခံများ စိစစ်ရေး ကော်မတီ,အဖွဲ့ဝင်,
LWMP-02-0028,ဦးခင်မောင်ဦး,ကျောက်တံခါးမဲဆန္ဒနယ်,ပြည်သူ့လွှတ်တော်,ပြည်သူ့လွှတ်တော် အစိုးရ၏ အာမခံချက်များ၊ ကတိများ၊ တာဝန်ခံများ စိစစ်ရေး ကော်မတီ,အဖွဲ့ဝင်,
LWMP-02-0183,ဒေါက်တာဝင်းအောင်,ခင်ဦးမဲဆန္ဒနယ်,ပြည်သူ့လွှတ်တော်,ပြည်သူ့လွှတ်တော် အစိုးရ၏ အာမခံချက်များ၊ ကတိများ၊ တာဝန်ခံများ စိစစ်ရေး ကော်မတီ,အဖွဲ့ဝင်,
LWMP-02-0124,ဦးမျိုးနိုင်,ချမ်းအေးသာစံမဲဆန္ဒနယ်,ပြည်သူ့လွှတ်တော်,ပြည်သူ့လွှတ်တော် အစိုးရ၏ အာမခံချက်များ၊ ကတိများ၊ တာဝန်ခံများ စိစစ်ရေး ကော်မတီ,အဖွဲ့ဝင်,
LWMP-02-0064,ဦးဇုန်းတိန့်,ချီဖွေမဲဆန္ဒနယ်,ပြည်သူ့လွှတ်တော်,ပြည်သူ့လွှတ်တော် အစိုးရ၏ အာမခံချက်များ၊ ကတိများ၊ တာဝန်ခံများ စိစစ်ရေး ကော်မတီ,အတွင်းရေးမှူး,
LWMP-02-0223,ဦးစိုင်းမောင်ပွင့်(ခ)ဦးအောင်ပွင့်,တန့်ယန်းမဲဆန္ဒနယ်,ပြည်သူ့လွှတ်တော်,ပြည်သူ့လွှတ်တော် အစိုးရ၏ အာမခံချက်များ၊ ကတိများ၊ တာဝန်ခံများ စိစစ်ရေး ကော်မတီ,အဖွဲ့ဝင်,
LWMP-02-0058,ဒေါ်နီရွှေလျန်း,ထန်တလန်မဲဆန္ဒနယ်,ပြည်သူ့လွှတ်တော်,ပြည်သူ့လွှတ်တော် အစိုးရ၏ အာမခံချက်များ၊ ကတိများ၊ တာဝန်ခံများ စိစစ်ရေး ကော်မတီ,အဖွဲ့ဝင်,
LWMP-02-0229,ဦးဝင်းထူး,နမ့်ဆန်မဲဆန္ဒနယ်,ပြည်သူ့လွှတ်တော်,ပြည်သူ့လွှတ်တော် အစိုးရ၏ အာမခံချက်များ၊ ကတိများ၊ တာဝန်ခံများ စိစစ်ရေး ကော်မတီ,အဖွဲ့ဝင်,
LWMP-02-0109,ဦးထွန်းထွန်း,ပွင့်ဖြူမဲဆန္ဒနယ်,ပြည်သူ့လွှတ်တော်,ပြည်သူ့လွှတ်တော် အစိုးရ၏ အာမခံချက်များ၊ ကတိများ၊ တာဝန်ခံများ စိစစ်ရေး ကော်မတီ,အဖွဲ့ဝင်,
LWMP-02-0072,ဦးအောင်သိန်း,ဗန်းမော်မဲဆန္ဒနယ်,ပြည်သူ့လွှတ်တော်,ပြည်သူ့လွှတ်တော် အစိုးရ၏ အာမခံချက်များ၊ ကတိများ၊ တာဝန်ခံများ စိစစ်ရေး ကော်မတီ,အဖွဲ့ဝင်,
LWMP-02-0092,ဒေါ်နန်းသန်းသန်းလွင်,ဘားအံမဲဆန္ဒနယ်,ပြည်သူ့လွှတ်တော်,ပြည်သူ့လွှတ်တော် အစိုးရ၏ အာမခံချက်များ၊ ကတိများ၊ တာဝန်ခံများ စိစစ်ရေး ကော်မတီ,အဖွဲ့ဝင်,
LWMP-02-0315,ဒေါက်တာမေဝင်းမြင့်,မရမ်းကုန်းမဲဆန္ဒနယ်,ပြည်သူ့လွှတ်တော်,ပြည်သူ့လွှတ်တော် အစိုးရ၏ အာမခံချက်များ၊ ကတိများ၊ တာဝန်ခံများ စိစစ်ရေး ကော်မတီ,ဥက္ကဋ္ဌ,
LWMP-02-0140,ဦးငြိမ်းသစ်(ခ)ဦးသောင်းထွန်း,မဟာအောင်မြေမဲဆန္ဒနယ်,ပြည်သူ့လွှတ်တော်,ပြည်သူ့လွှတ်တော် အစိုးရ၏ အာမခံချက်များ၊ ကတိများ၊ တာဝန်ခံများ စိစစ်ရေး ကော်မတီ,အဖွဲ့ဝင်,
LWMP-02-0173,ဒေါ်ခင်စောဝေ,ရသေ့တောင်မဲဆန္ဒနယ်,ပြည်သူ့လွှတ်တော်,ပြည်သူ့လွှတ်တော် အစိုးရ၏ အာမခံချက်များ၊ ကတိများ၊ တာဝန်ခံများ စိစစ်ရေး ကော်မတီ,အဖွဲ့ဝင်,
LWMP-02-0213,ဦးစတီဖန်,ကျိုင်းတုံမဲဆန္ဒနယ်,ပြည်သူ့လွှတ်တော်,ပြည်သူ့လွှတ်တော် ဥပဒေကြမ်းကော်မတီ,အဖွဲ့ဝင်,
LWMP-02-0160,ဦးဘရှိန်,ကျောက်ဖြူမဲဆန္ဒနယ်,ပြည်သူ့လွှတ်တော်,ပြည်သူ့လွှတ်တော် ဥပဒေကြမ်းကော်မတီ,အဖွဲ့ဝင်,
LWMP-02-0105,ဦးမင်းသိန်း,တောင်တွင်းကြီးမဲဆန္ဒနယ်,ပြည်သူ့လွှတ်တော်,ပြည်သူ့လွှတ်တော် ဥပဒေကြမ်းကော်မတီ,အဖွဲ့ဝင်,
LWMP-02-0301,ဦးနေမျိုးထွန်း,ထန်းတပင်မဲဆန္ဒနယ်,ပြည်သူ့လွှတ်တော်,ပြည်သူ့လွှတ်တော် ဥပဒေကြမ်းကော်မတီ,အဖွဲ့ဝင်,
LWMP-02-0301,ဦးဇော်ဝင်း,ထန်းတပင်မဲဆန္ဒနယ်,ပြည်သူ့လွှတ်တော်,ပြည်သူ့လွှတ်တော် ဥပဒေကြမ်းကော်မတီ,အဖွဲ့ဝင်,
LWMP-02-0271,ဦးအောင်စိန်,ထားဝယ်မဲဆန္ဒနယ်,ပြည်သူ့လွှတ်တော်,ပြည်သူ့လွှတ်တော် ဥပဒေကြမ်းကော်မတီ,အဖွဲ့ဝင်,
LWMP-02-0231,ဦးထွန်းအောင်(ခ)ဦးထွန်းထွန်းဟိန်,နောင်ချိုမဲဆန္ဒနယ်,ပြည်သူ့လွှတ်တော်,ပြည်သူ့လွှတ်တော် ဥပဒေကြမ်းကော်မတီ,ဥက္ကဋ္ဌ,
LWMP-02-0134,ဦးကျော်စိုးလင်း,ပြည်ကြီးတံခွန်မဲဆန္ဒနယ်,ပြည်သူ့လွှတ်တော်,ပြည်သူ့လွှတ်တော် ဥပဒေကြမ်းကော်မတီ,အတွင်းရေးမှူး,
LWMP-02-0012,ဦးဝေလှိုင်ထွန်း,ပုသိမ်မဲဆန္ဒနယ်,ပြည်သူ့လွှတ်တော်,ပြည်သူ့လွှတ်တော် ဥပဒေကြမ်းကော်မတီ,အဖွဲ့ဝင်,
LWMP-02-0062,ဦးပါထန်း,မတူပီမဲဆန္ဒနယ်,ပြည်သူ့လွှတ်တော်,ပြည်သူ့လွှတ်တော် ဥပဒေကြမ်းကော်မတီ,အဖွဲ့ဝင်,
LWMP-02-0200,ဦးဌေးငွေ,မြောင်မဲဆန္ဒနယ်,ပြည်သူ့လွှတ်တော်,ပြည်သူ့လွှတ်တော် ဥပဒေကြမ်းကော်မတီ,အဖွဲ့ဝင်,
LWMP-02-0255,ဦးစိုင်းဖိုးမြတ်,မူဆယ်မဲဆန္ဒနယ်,ပြည်သူ့လွှတ်တော်,ပြည်သူ့လွှတ်တော် ဥပဒေကြမ်းကော်မတီ,အဖွဲ့ဝင်,
LWMP-02-0158,ဒေါ်မာမာခိုင်,သထုံမဲဆန္ဒနယ်,ပြည်သူ့လွှတ်တော်,ပြည်သူ့လွှတ်တော် ဥပဒေကြမ်းကော်မတီ,အဖွဲ့ဝင်,
LWMP-02-0327,ဒေါက်တာဦးဝေဖြိုးအောင်,သာကေတမဲဆန္ဒနယ်,ပြည်သူ့လွှတ်တော်,ပြည်သူ့လွှတ်တော် ဥပဒေကြမ်းကော်မတီ,အဖွဲ့ဝင်,
,ဗိုလ်မှူးကြီးအောင်သီဟ,,ပြည်သူ့လွှတ်တော်,ပြည်သူ့လွှတ်တော်တောင်သူသမားနှင့် အလုပ်သမားရေးရာကော်မတီ,အဖွဲ့ဝင်,
LWMP-02-0176,ဦးထွန်းထွန်းနိုင်,ကနီမဲဆန္ဒနယ်,ပြည်သူ့လွှတ်တော်,ပြည်သူ့လွှတ်တော်တောင်သူသမားနှင့် အလုပ်သမားရေးရာကော်မတီ,အဖွဲ့ဝင်,
LWMP-02-0001,ဦးရွှေလှကြိုင်,ကန်ကြီးထောင့်မဲဆန္ဒနယ်,ပြည်သူ့လွှတ်တော်,ပြည်သူ့လွှတ်တော်တောင်သူသမားနှင့် အလုပ်သမားရေးရာကော်မတီ,အဖွဲ့ဝင်,
LWMP-02-0004,ဦးသိန်းထွန်း,ကျောင်းကုန်းမဲဆန္ဒနယ်,ပြည်သူ့လွှတ်တော်,ပြည်သူ့လွှတ်တော်တောင်သူသမားနှင့် အလုပ်သမားရေးရာကော်မတီ,အတွင်းရေးမှူး,
LWMP-02-0089,ဦးစောတင်ဝင်း,ကြာအင်းဆိပ်ကြီးမဲဆန္ဒနယ်,ပြည်သူ့လွှတ်တော်,ပြည်သူ့လွှတ်တော်တောင်သူသမားနှင့် အလုပ်သမားရေးရာကော်မတီ,အဖွဲ့ဝင်,
LWMP-02-0299,ဦးကျော်မြင့်,တိုက်ကြီးမဲဆန္ဒနယ်,ပြည်သူ့လွှတ်တော်,ပြည်သူ့လွှတ်တော်တောင်သူသမားနှင့် အလုပ်သမားရေးရာကော်မတီ,ဥက္ကဋ္ဌ,
LWMP-02-0163,ဒေါ်နီနီမေမြင့်,တောင်ကုတ်မဲဆန္ဒနယ်,ပြည်သူ့လွှတ်တော်,ပြည်သူ့လွှတ်တော်တောင်သူသမားနှင့် အလုပ်သမားရေးရာကော်မတီ,အဖွဲ့ဝင်,
LWMP-02-0106,ဦးမြတ်လေးဦး,ထီးလင်းမဲဆန္ဒနယ်,ပြည်သူ့လွှတ်တော်,ပြည်သူ့လွှတ်တော်တောင်သူသမားနှင့် အလုပ်သမားရေးရာကော်မတီ,အဖွဲ့ဝင်,
LWMP-02-0136,ဦးဇော်မင်းလွင်,မတ္တရာမဲဆန္ဒနယ်,ပြည်သူ့လွှတ်တော်,ပြည်သူ့လွှတ်တော်တောင်သူသမားနှင့် အလုပ်သမားရေးရာကော်မတီ,အဖွဲ့ဝင်,
LWMP-02-0239,ဦးအောင်မြင့်ရှိန်,မဘိမ်းမဲဆန္ဒနယ်,ပြည်သူ့လွှတ်တော်,ပြည်သူ့လွှတ်တော်တောင်သူသမားနှင့် အလုပ်သမားရေးရာကော်မတီ,အဖွဲ့ဝင်,
LWMP-02-0168,ဦးဖေသန်း,မြေပုံမဲဆန္ဒနယ်,ပြည်သူ့လွှတ်တော်,ပြည်သူ့လွှတ်တော်တောင်သူသမားနှင့် အလုပ်သမားရေးရာကော်မတီ,အဖွဲ့ဝင်,
LWMP-02-0044,ဦးကျော်မျိုးမင်း,မိုးညိုမဲဆန္ဒနယ်,ပြည်သူ့လွှတ်တော်,ပြည်သူ့လွှတ်တော်တောင်သူသမားနှင့် အလုပ်သမားရေးရာကော်မတီ,အဖွဲ့ဝင်,
LWMP-02-0259,ဦးစိုင်းဘသိန်း,လင်းခေးမဲဆန္ဒနယ်,ပြည်သူ့လွှတ်တော်,ပြည်သူ့လွှတ်တော်တောင်သူသမားနှင့် အလုပ်သမားရေးရာကော်မတီ,အဖွဲ့ဝင်,
LWMP-02-0021,ဦးဇော်မင်းသိန်း,လေးမျက်နှာမဲဆန္ဒနယ်,ပြည်သူ့လွှတ်တော်,ပြည်သူ့လွှတ်တော်တောင်သူသမားနှင့် အလုပ်သမားရေးရာကော်မတီ,အဖွဲ့ဝင်,
LWMP-02-0080,ဦးလဂန်ဇယ်ဂျုံး,ဝိုင်းမော်မဲဆန္ဒနယ်,ပြည်သူ့လွှတ်တော်,ပြည်သူ့လွှတ်တော်တောင်သူသမားနှင့် အလုပ်သမားရေးရာကော်မတီ,အဖွဲ့ဝင်,
UPMP-02-0064,ဦးစောယှားဖောင်အွာ,ကရင်-12,အမျိုးသားလွှတ်တော်,အမျိုးသားလွှတ်တော် စိုက်ပျိုးရေး၊ မွေးမြူရေးနှင့် ရေလုပ်ငန်းဖွံ့ဖြိုးတိုးတက်ရေးကော်မတီ,အဖွဲ့ဝင်,
UPMP-02-0033,ဦးကျင့်ခန့်ပေါင်,ချင်း-6,အမျိုးသားလွှတ်တော်,အမျိုးသားလွှတ်တော် စိုက်ပျိုးရေး၊ မွေးမြူရေးနှင့် ရေလုပ်ငန်းဖွံ့ဖြိုးတိုးတက်ရေးကော်မတီ,အဖွဲ့ဝင်,
UPMP-02-0122,ဦးတင်မောင်ဝင်း,စစ်ကိုင်း-10,အမျိုးသားလွှတ်တော်,အမျိုးသားလွှတ်တော် စိုက်ပျိုးရေး၊ မွေးမြူရေးနှင့် ရေလုပ်ငန်းဖွံ့ဖြိုးတိုးတက်ရေးကော်မတီ,အဖွဲ့ဝင်,
UPMP-02-0148,ဦးခင်မျိုးဝင်း,တနင်္သာရီ-12,အမျိုးသားလွှတ်တော်,အမျိုးသားလွှတ်တော် စိုက်ပျိုးရေး၊ မွေးမြူရေးနှင့် ရေလုပ်ငန်းဖွံ့ဖြိုးတိုးတက်ရေးကော်မတီ,အဖွဲ့ဝင်,
UPMP-02-0015,ဒေါက်တာဝင်းမြင့်,ပဲခူး-11,အမျိုးသားလွှတ်တော်,အမျိုးသားလွှတ်တော် စိုက်ပျိုးရေး၊ မွေးမြူရေးနှင့် ရေလုပ်ငန်းဖွံ့ဖြိုးတိုးတက်ရေးကော်မတီ,အတွင်းရေးမှူး,
UPMP-02-0073,ဦးလှဆန်း,မကွေး-1,အမျိုးသားလွှတ်တော်,အမျိုးသားလွှတ်တော် စိုက်ပျိုးရေး၊ မွေးမြူရေးနှင့် ရေလုပ်ငန်းဖွံ့ဖြိုးတိုးတက်ရေးကော်မတီ,အဖွဲ့ဝင်,
UPMP-02-0077,ဦးခင်ဝင်း,မကွေး-2,အမျိုးသားလွှတ်တော်,အမျိုးသားလွှတ်တော် စိုက်ပျိုးရေး၊ မွေးမြူရေးနှင့် ရေလုပ်ငန်းဖွံ့ဖြိုးတိုးတက်ရေးကော်မတီ,အဖွဲ့ဝင်,
UPMP-02-0079,ဦးအောင်ကြည်ညွန့်,မကွေး-4,အမျိုးသားလွှတ်တော်,အမျိုးသားလွှတ်တော် စိုက်ပျိုးရေး၊ မွေးမြူရေးနှင့် ရေလုပ်ငန်းဖွံ့ဖြိုးတိုးတက်ရေးကော်မတီ,ဥက္ကဋ္ဌ,
UPMP-02-0092,ဦးအောင်မျိုးလတ်,မန္တလေး-5,အမျိုးသားလွှတ်တော်,အမျိုးသားလွှတ်တော် စိုက်ပျိုးရေး၊ မွေးမြူရေးနှင့် ရေလုပ်ငန်းဖွံ့ဖြိုးတိုးတက်ရေးကော်မတီ,အဖွဲ့ဝင်,
UPMP-02-0102,ဦးခင်ဇော်ဦး,မွန်-3,အမျိုးသားလွှတ်တော်,အမျိုးသားလွှတ်တော် စိုက်ပျိုးရေး၊ မွေးမြူရေးနှင့် ရေလုပ်ငန်းဖွံ့ဖြိုးတိုးတက်ရေးကော်မတီ,အဖွဲ့ဝင်,
UPMP-02-0110,ဦးကျော်သန်း,ရခိုင်-10,အမျိုးသားလွှတ်တော်,အမျိုးသားလွှတ်တော် စိုက်ပျိုးရေး၊ မွေးမြူရေးနှင့် ရေလုပ်ငန်းဖွံ့ဖြိုးတိုးတက်ရေးကော်မတီ,အဖွဲ့ဝင်,
UPMP-02-0160,ဦးကျော်နိုင်,ရန်ကုန်-12,အမျိုးသားလွှတ်တော်,အမျိုးသားလွှတ်တော် စိုက်ပျိုးရေး၊ မွေးမြူရေးနှင့် ရေလုပ်ငန်းဖွံ့ဖြိုးတိုးတက်ရေးကော်မတီ,အဖွဲ့ဝင်,
UPMP-02-0143,ဒေါ်မမလေး,ရှမ်း-8,အမျိုးသားလွှတ်တော်,အမျိုးသားလွှတ်တော် စိုက်ပျိုးရေး၊ မွေးမြူရေးနှင့် ရေလုပ်ငန်းဖွံ့ဖြိုးတိုးတက်ရေးကော်မတီ,အဖွဲ့ဝင်,
UPMP-02-0012,မန်းတိုးရွှေ,ဧရာဝတီ-9,အမျိုးသားလွှတ်တော်,အမျိုးသားလွှတ်တော် စိုက်ပျိုးရေး၊ မွေးမြူရေးနှင့် ရေလုပ်ငန်းဖွံ့ဖြိုးတိုးတက်ရေးကော်မတီ,အဖွဲ့ဝင်,
UPMP-02-0043,ဦးနောင်နဂျတန်,ကချင်-4,အမျိုးသားလွှတ်တော်,အမျိုးသားလွှတ်တော် တောင်သူလယ်သမားရေးရာကော်မတီ,အဖွဲ့ဝင်,
UPMP-02-0054,ဦးဘော်ရယ်စိုးဝေ,ကယား-3,အမျိုးသားလွှတ်တော်,အမျိုးသားလွှတ်တော် တောင်သူလယ်သမားရေးရာကော်မတီ,အဖွဲ့ဝင်,
UPMP-02-0063,ဒေါ်နော်ဆာမူထူး,ကရင်-11,အမျိုးသားလွှတ်တော်,အမျိုးသားလွှတ်တော် တောင်သူလယ်သမားရေးရာကော်မတီ,အဖွဲ့ဝင်,
UPMP-02-0125,ဦးအောင်မျိုး,စစ်ကိုင်း-2,အမျိုးသားလွှတ်တော်,အမျိုးသားလွှတ်တော် တောင်သူလယ်သမားရေးရာကော်မတီ,အဖွဲ့ဝင်,
UPMP-02-0149,ဦးသက်နိုင်စိုး,တနင်္သာရီ-2,အမျိုးသားလွှတ်တော်,အမျိုးသားလွှတ်တော် တောင်သူလယ်သမားရေးရာကော်မတီ,အဖွဲ့ဝင်,
UPMP-02-0075,ဦးကျော်ဆွေ,မကွေး-11,အမျိုးသားလွှတ်တော်,အမျိုးသားလွှတ်တော် တောင်သူလယ်သမားရေးရာကော်မတီ,အဖွဲ့ဝင်,
UPMP-02-0087,ဦးစိုးအောင်,မန္တလေး-11,အမျိုးသားလွှတ်တော်,အမျိုးသားလွှတ်တော် တောင်သူလယ်သမားရေးရာကော်မတီ,အဖွဲ့ဝင်,
UPMP-02-0102,ဦးခင်ဇော်ဦး,မွန်-3,အမျိုးသားလွှတ်တော်,အမျိုးသားလွှတ်တော် တောင်သူလယ်သမားရေးရာကော်မတီ,အဖွဲ့ဝင်,
UPMP-02-0103,ဦးလင်းတင်ဌေး,မွန်-4,အမျိုးသားလွှတ်တော်,အမျိုးသားလွှတ်တော် တောင်သူလယ်သမားရေးရာကော်မတီ,အဖွဲ့ဝင်,
UPMP-02-0112,ဦးစိုးဝင်း,ရခိုင်-12,အမျိုးသားလွှတ်တော်,အမျိုးသားလွှတ်တော် တောင်သူလယ်သမားရေးရာကော်မတီ,အတွင်းရေးမှူး,
UPMP-02-0113,ဦးတက်ထွန်းအောင်,ရခိုင်-2,အမျိုးသားလွှတ်တော်,အမျိုးသားလွှတ်တော် တောင်သူလယ်သမားရေးရာကော်မတီ,အဖွဲ့ဝင်,
UPMP-02-0164,ဦးဘမျိုးသိန်း,ရန်ကုန်-5,အမျိုးသားလွှတ်တော်,အမျိုးသားလွှတ်တော် တောင်သူလယ်သမားရေးရာကော်မတီ,ဥက္ကဋ္ဌ,
UPMP-02-0142,ဦးစိုင်းလုံစံခတ်,ရှမ်း-7,အမျိုးသားလွှတ်တော်,အမျိုးသားလွှတ်တော် တောင်သူလယ်သမားရေးရာကော်မတီ,အဖွဲ့ဝင်,
UPMP-02-0012,မန်းတိုးရွှေ,ဧရာဝတီ-9,အမျိုးသားလွှတ်တော်,အမျိုးသားလွှတ်တော် တောင်သူလယ်သမားရေးရာကော်မတီ,အဖွဲ့ဝင်,
UPMP-02-0041,​ဒေါ်ရှီလာနန်တောင်(ခ)အမ်နန်တောင်,ကချင်-2,အမျိုးသားလွှတ်တော်,အမျိုးသားလွှတ်တော် တိုင်းရင်းသားရေးရာကော်မတီ,ဥက္ကဋ္ဌ,
UPMP-02-0044,ဦးဇခုန်တိန့်ယိန်း,ကချင်-5,အမျိုးသားလွှတ်တော်,အမျိုးသားလွှတ်တော် တိုင်းရင်းသားရေးရာကော်မတီ,အဖွဲ့ဝင်,
UPMP-02-0055,ဦးစောစိန်ထွန်း,ကယား-4,အမျိုးသားလွှတ်တော်,အမျိုးသားလွှတ်တော် တိုင်းရင်းသားရေးရာကော်မတီ,အဖွဲ့ဝင်,
UPMP-02-0072,ဦးစောဘီစံသိန်းမြင့်,ကရင်-9,အမျိုးသားလွှတ်တော်,အမျိုးသားလွှတ်တော် တိုင်းရင်းသားရေးရာကော်မတီ,အဖွဲ့ဝင်,
UPMP-02-0025,ဦးငွန်ဟေး,ချင်း-1,အမျိုးသားလွှတ်တော်,အမျိုးသားလွှတ်တော် တိုင်းရင်းသားရေးရာကော်မတီ,အဖွဲ့ဝင်,
UPMP-02-0127,ဦးလှဦး,စစ်ကိုင်း-4,အမျိုးသားလွှတ်တော်,အမျိုးသားလွှတ်တော် တိုင်းရင်းသားရေးရာကော်မတီ,အဖွဲ့ဝင်,
UPMP-02-0147,​ဒေါက်တာခင်မောင်ဝင်း,တနင်္သာရီ-11,အမျိုးသားလွှတ်တော်,အမျိုးသားလွှတ်တော် တိုင်းရင်းသားရေးရာကော်မတီ,အဖွဲ့ဝင်,
UPMP-02-0077,ဦးခင်ဝင်း,မကွေး-2,အမျိုးသားလွှတ်တော်,အမျိုးသားလွှတ်တော် တိုင်းရင်းသားရေးရာကော်မတီ,အဖွဲ့ဝင်,
UPMP-02-0100,​ဒေါ်သီရိရတနာ,မွန်-12,အမျိုးသားလွှတ်တော်,အမျိုးသားလွှတ်တော် တိုင်းရင်းသားရေးရာကော်မတီ,အဖွဲ့ဝင်,
UPMP-02-0106,ဦးနိုင်သီဟ,မွန်-7,အမျိုးသားလွှတ်တော်,အမျိုးသားလွှတ်တော် တိုင်းရင်းသားရေးရာကော်မတီ,အဖွဲ့ဝင်,
UPMP-02-0120,ဦးမောင်ကျော်ဇံ,ရခိုင်-9,အမျိုးသားလွှတ်တော်,အမျိုးသားလွှတ်တော် တိုင်းရင်းသားရေးရာကော်မတီ,အဖွဲ့ဝင်,
UPMP-02-0136,ဦးစိုင်းစံအောင်,ရှမ်း-12,အမျိုးသားလွှတ်တော်,အမျိုးသားလွှတ်တော် တိုင်းရင်းသားရေးရာကော်မတီ,အဖွဲ့ဝင်,
UPMP-02-0143,​ဒေါ်မမလေး,ရှမ်း-8,အမျိုးသားလွှတ်တော်,အမျိုးသားလွှတ်တော် တိုင်းရင်းသားရေးရာကော်မတီ,အဖွဲ့ဝင်,
UPMP-02-0144,ဦးခွန်သိန်းဖေ,ရှမ်း-9,အမျိုးသားလွှတ်တော်,အမျိုးသားလွှတ်တော် တိုင်းရင်းသားရေးရာကော်မတီ,အတွင်းရေးမှူး,
UPMP-02-0037,ဦးဂျေယောဝူ,ကချင်-1,အမျိုးသားလွှတ်တော်,အမျိုးသားလွှတ်တော် နိုင်ငံတကာဆက်ဆံရေး၊ လွှတ်တော်ချင်းချစ်ကြည်ရေးနှင့် ပူးပေါင်းဆောင်ရွက်ရေးကော်မတီ,အဖွဲ့ဝင်,
UPMP-02-0040,ဦးနိုင်ကိုကို,ကချင်-12,အမျိုးသားလွှတ်တော်,အမျိုးသားလွှတ်တော် နိုင်ငံတကာဆက်ဆံရေး၊ လွှတ်တော်ချင်းချစ်ကြည်ရေးနှင့် ပူးပေါင်းဆောင်ရွက်ရေးကော်မတီ,အဖွဲ့ဝင်,
UPMP-02-0067,ဒေါ်နန်းမိုးမိုးထွေး,ကရင်-4,အမျိုးသားလွှတ်တော်,အမျိုးသားလွှတ်တော် နိုင်ငံတကာဆက်ဆံရေး၊ လွှတ်တော်ချင်းချစ်ကြည်ရေးနှင့် ပူးပေါင်းဆောင်ရွက်ရေးကော်မတီ,အဖွဲ့ဝင်,
UPMP-02-0132,ဦးမောင်မောင်လတ်,စစ်ကိုင်း-9,အမျိုးသားလွှတ်တော်,အမျိုးသားလွှတ်တော် နိုင်ငံတကာဆက်ဆံရေး၊ လွှတ်တော်ချင်းချစ်ကြည်ရေးနှင့် ပူးပေါင်းဆောင်ရွက်ရေးကော်မတီ,အဖွဲ့ဝင်,
UPMP-02-0154,ဦးဇော်ဟိန်း,တနင်္သာရီ-7,အမျိုးသားလွှတ်တော်,အမျိုးသားလွှတ်တော် နိုင်ငံတကာဆက်ဆံရေး၊ လွှတ်တော်ချင်းချစ်ကြည်ရေးနှင့် ပူးပေါင်းဆောင်ရွက်ရေးကော်မတီ,အဖွဲ့ဝင်,
UPMP-02-0015,ဒေါက်တာဝင်းမြင့်,ပဲခူး-11,အမျိုးသားလွှတ်တော်,အမျိုးသားလွှတ်တော် နိုင်ငံတကာဆက်ဆံရေး၊ လွှတ်တော်ချင်းချစ်ကြည်ရေးနှင့် ပူးပေါင်းဆောင်ရွက်ရေးကော်မတီ,အဖွဲ့ဝင်,
UPMP-02-0078,ဦးချစ်ထွေး,မကွေး-3,အမျိုးသားလွှတ်တော်,အမျိုးသားလွှတ်တော် နိုင်ငံတကာဆက်ဆံရေး၊ လွှတ်တော်ချင်းချစ်ကြည်ရေးနှင့် ပူးပေါင်းဆောင်ရွက်ရေးကော်မတီ,အဖွဲ့ဝင်,
UPMP-02-0085,ဒေါက်တာသန်းဝင်း,မန္တလေး-1,အမျိုးသားလွှတ်တော်,အမျိုးသားလွှတ်တော် နိုင်ငံတကာဆက်ဆံရေး၊ လွှတ်တော်ချင်းချစ်ကြည်ရေးနှင့် ပူးပေါင်းဆောင်ရွက်ရေးကော်မတီ,ဥက္ကဋ္ဌ,
UPMP-02-0105,ဦးဖေတင်,မွန်-6,အမျိုးသားလွှတ်တော်,အမျိုးသားလွှတ်တော် နိုင်ငံတကာဆက်ဆံရေး၊ လွှတ်တော်ချင်းချစ်ကြည်ရေးနှင့် ပူးပေါင်းဆောင်ရွက်ရေးကော်မတီ,အဖွဲ့ဝင်,
UPMP-02-0111,​ဒေါ်ထုမေ,ရခိုင်-11,အမျိုးသားလွှတ်တော်,အမျိုးသားလွှတ်တော် နိုင်ငံတကာဆက်ဆံရေး၊ လွှတ်တော်ချင်းချစ်ကြည်ရေးနှင့် ပူးပေါင်းဆောင်ရွက်ရေးကော်မတီ,အတွင်းရေးမှူး,
UPMP-02-0166,ဦးရဲမြင့်စိုး,ရန်ကုန်-7,အမျိုးသားလွှတ်တော်,အမျိုးသားလွှတ်တော် နိုင်ငံတကာဆက်ဆံရေး၊ လွှတ်တော်ချင်းချစ်ကြည်ရေးနှင့် ပူးပေါင်းဆောင်ရွက်ရေးကော်မတီ,အဖွဲ့ဝင်,
UPMP-02-0139,ဦးစိုင်းအုန်းကျော်,ရှမ်း-4,အမျိုးသားလွှတ်တော်,အမျိုးသားလွှတ်တော် နိုင်ငံတကာဆက်ဆံရေး၊ လွှတ်တော်ချင်းချစ်ကြည်ရေးနှင့် ပူးပေါင်းဆောင်ရွက်ရေးကော်မတီ,အဖွဲ့ဝင်,
UPMP-02-0144,ဦးခွန်သိန်းဖေ,ရှမ်း-9,အမျိုးသားလွှတ်တော်,အမျိုးသားလွှတ်တော် နိုင်ငံတကာဆက်ဆံရေး၊ လွှတ်တော်ချင်းချစ်ကြည်ရေးနှင့် ပူးပေါင်းဆောင်ရွက်ရေးကော်မတီ,အဖွဲ့ဝင်,
UPMP-02-0005,ဦးစခင်ဇော်လင်း,ဧရာဝတီ-2,အမျိုးသားလွှတ်တော်,အမျိုးသားလွှတ်တော် နိုင်ငံတကာဆက်ဆံရေး၊ လွှတ်တော်ချင်းချစ်ကြည်ရေးနှင့် ပူးပေါင်းဆောင်ရွက်ရေးကော်မတီ,အဖွဲ့ဝင်,
,ဗိုလ်မှူးချုပ်ကျော်ဆွေဦး,,အမျိုးသားလွှတ်တော်,အမျိုးသားလွှတ်တော် နိုင်ငံသားများ၏ မူလအခွင့်အရေး၊ ဒီမိုကရေစီအရေးနှင့် လူအခွင့်အရေး ကော်မတီ,အဖွဲ့ဝင်,
UPMP-02-0039,​ဒေါက်တာခွန်ဝင်းသောင်း,ကချင်-11,အမျိုးသားလွှတ်တော်,အမျိုးသားလွှတ်တော် နိုင်ငံသားများ၏ မူလအခွင့်အရေး၊ ဒီမိုကရေစီအရေးနှင့် လူအခွင့်အရေး ကော်မတီ,အဖွဲ့ဝင်,
UPMP-02-0058,​ဦးအောင်ကျော်စိုး,ကယား-7,အမျိုးသားလွှတ်တော်,အမျိုးသားလွှတ်တော် နိုင်ငံသားများ၏ မူလအခွင့်အရေး၊ ဒီမိုကရေစီအရေးနှင့် လူအခွင့်အရေး ကော်မတီ,အဖွဲ့ဝင်,
UPMP-02-0066,​ဦးစောချစ်ဦး,ကရင်-3,အမျိုးသားလွှတ်တော်,အမျိုးသားလွှတ်တော် နိုင်ငံသားများ၏ မူလအခွင့်အရေး၊ ဒီမိုကရေစီအရေးနှင့် လူအခွင့်အရေး ကော်မတီ,အဖွဲ့ဝင်,
UPMP-02-0028,ဦးမျိုးထပ်(ခ)ဆလိုင်းမျိုးထိုက်,ချင်း-12,အမျိုးသားလွှတ်တော်,အမျိုးသားလွှတ်တော် နိုင်ငံသားများ၏ မူလအခွင့်အရေး၊ ဒီမိုကရေစီအရေးနှင့် လူအခွင့်အရေး ကော်မတီ,အတွင်းရေးမှူး,
UPMP-02-0032,ဦးပူဂင်ကမ်းလျန်,ချင်း-5,အမျိုးသားလွှတ်တော်,အမျိုးသားလွှတ်တော် နိုင်ငံသားများ၏ မူလအခွင့်အရေး၊ ဒီမိုကရေစီအရေးနှင့် လူအခွင့်အရေး ကော်မတီ,အဖွဲ့ဝင်,
UPMP-02-0131,ဦးကိုကိုနိုင်,စစ်ကိုင်း-8,အမျိုးသားလွှတ်တော်,အမျိုးသားလွှတ်တော် နိုင်ငံသားများ၏ မူလအခွင့်အရေး၊ ဒီမိုကရေစီအရေးနှင့် လူအခွင့်အရေး ကော်မတီ,အဖွဲ့ဝင်,
UPMP-02-0156,ဦးကင်းရှိန်,တနင်္သာရီ-9,အမျိုးသားလွှတ်တော်,အမျိုးသားလွှတ်တော် နိုင်ငံသားများ၏ မူလအခွင့်အရေး၊ ဒီမိုကရေစီအရေးနှင့် လူအခွင့်အရေး ကော်မတီ,အဖွဲ့ဝင်,
UPMP-02-0014,ဦးဝင်းကြိုင်,ပဲခူး-10,အမျိုးသားလွှတ်တော်,အမျိုးသားလွှတ်တော် နိုင်ငံသားများ၏ မူလအခွင့်အရေး၊ ဒီမိုကရေစီအရေးနှင့် လူအခွင့်အရေး ကော်မတီ,အဖွဲ့ဝင်,
UPMP-02-0083,ဦးဝင်းမြင့်,မကွေး-8,အမျိုးသားလွှတ်တော်,အမျိုးသားလွှတ်တော် နိုင်ငံသားများ၏ မူလအခွင့်အရေး၊ ဒီမိုကရေစီအရေးနှင့် လူအခွင့်အရေး ကော်မတီ,အဖွဲ့ဝင်,
UPMP-02-0092,ဦးအောင်မျိုးလတ်,မန္တလေး-5,အမျိုးသားလွှတ်တော်,အမျိုးသားလွှတ်တော် နိုင်ငံသားများ၏ မူလအခွင့်အရေး၊ ဒီမိုကရေစီအရေးနှင့် လူအခွင့်အရေး ကော်မတီ,အဖွဲ့ဝင်,
UPMP-02-0118,ဦးကျော်သိန်း,ရခိုင်-7,အမျိုးသားလွှတ်တော်,အမျိုးသားလွှတ်တော် နိုင်ငံသားများ၏ မူလအခွင့်အရေး၊ ဒီမိုကရေစီအရေးနှင့် လူအခွင့်အရေး ကော်မတီ,အဖွဲ့ဝင်,
UPMP-02-0157,​ဒေါက်တာဌေးကြွယ်,ရန်ကုန်-1,အမျိုးသားလွှတ်တော်,အမျိုးသားလွှတ်တော် နိုင်ငံသားများ၏ မူလအခွင့်အရေး၊ ဒီမိုကရေစီအရေးနှင့် လူအခွင့်အရေး ကော်မတီ,ဥက္ကဋ္ဌ,
UPMP-02-0168,ဦးဖေချစ်,ရန်ကုန်-9,အမျိုးသားလွှတ်တော်,အမျိုးသားလွှတ်တော် နိုင်ငံသားများ၏ မူလအခွင့်အရေး၊ ဒီမိုကရေစီအရေးနှင့် လူအခွင့်အရေး ကော်မတီ,အဖွဲ့ဝင်,
UPMP-02-0003,​ဒေါ်မေသန်းနွဲ့,ဧရာဝတီ-11,အမျိုးသားလွှတ်တော်,အမျိုးသားလွှတ်တော် နိုင်ငံသားများ၏ မူလအခွင့်အရေး၊ ဒီမိုကရေစီအရေးနှင့် လူအခွင့်အရေး ကော်မတီ,အဖွဲ့ဝင်,
UPMP-02-0042,ဦးဇယ်ခေါင်,ကချင်-3,အမျိုးသားလွှတ်တော်,အမျိုးသားလွှတ်တော် ပညာရေးမြှင့်တင်မှုကော်မတီ,အဖွဲ့ဝင်,
UPMP-02-0051,​ဒေါ်နော်မြစေး,ကယား-11,အမျိုးသားလွှတ်တော်,အမျိုးသားလွှတ်တော် ပညာရေးမြှင့်တင်မှုကော်မတီ,ဥက္ကဋ္ဌ,
UPMP-02-0068,ဦးစိုင်းသန်းနိုင်,ကရင်-5,အမျိုးသားလွှတ်တော်,အမျိုးသားလွှတ်တော် ပညာရေးမြှင့်တင်မှုကော်မတီ,အဖွဲ့ဝင်,
UPMP-02-0035,ဦးမာန်လောမောင်း,ချင်း-8,အမျိုးသားလွှတ်တော်,အမျိုးသားလွှတ်တော် ပညာရေးမြှင့်တင်မှုကော်မတီ,အဖွဲ့ဝင်,
UPMP-02-0121,ဦးကျော်သောင်း,စစ်ကိုင်း-1,အမျိုးသားလွှတ်တော်,အမျိုးသားလွှတ်တော် ပညာရေးမြှင့်တင်မှုကော်မတီ,အဖွဲ့ဝင်,
UPMP-02-0150,ဦးထွန်းလင်း,တနင်္သာရီ-3,အမျိုးသားလွှတ်တော်,အမျိုးသားလွှတ်တော် ပညာရေးမြှင့်တင်မှုကော်မတီ,အဖွဲ့ဝင်,
UPMP-02-0024,ဦးအေးချို,ပဲခူး-9,အမျိုးသားလွှတ်တော်,အမျိုးသားလွှတ်တော် ပညာရေးမြှင့်တင်မှုကော်မတီ,အဖွဲ့ဝင်,
UPMP-02-0078,ဦးချစ်ထွေး,မကွေး-3,အမျိုးသားလွှတ်တော်,အမျိုးသားလွှတ်တော် ပညာရေးမြှင့်တင်မှုကော်မတီ,အဖွဲ့ဝင်,
UPMP-02-0082,​ဒေါ်သန်းသန်းအေး,မကွေး-7,အမျိုးသားလွှတ်တော်,အမျိုးသားလွှတ်တော် ပညာရေးမြှင့်တင်မှုကော်မတီ,အဖွဲ့ဝင်,
UPMP-02-0094,ဦးကျော်တုတ်,မန္တလေး-7,အမျိုးသားလွှတ်တော်,အမျိုးသားလွှတ်တော် ပညာရေးမြှင့်တင်မှုကော်မတီ,အတွင်းရေးမှူး,
UPMP-02-0109,ဦးဝေစိန်အောင်,ရခိုင်-1,အမျိုးသားလွှတ်တော်,အမျိုးသားလွှတ်တော် ပညာရေးမြှင့်တင်မှုကော်မတီ,အဖွဲ့ဝင်,
UPMP-02-0159,ဦးအေးဗိုလ်,ရန်ကုန်-11,အမျိုးသားလွှတ်တော်,အမျိုးသားလွှတ်တော် ပညာရေးမြှင့်တင်မှုကော်မတီ,အဖွဲ့ဝင်,
UPMP-02-0007,ဦးထိန်ဝင်း,ဧရာဝတီ-4,အမျိုးသားလွှတ်တော်,အမျိုးသားလွှတ်တော် ပညာရေးမြှင့်တင်မှုကော်မတီ,အဖွဲ့ဝင်,
UPMP-02-0047,​ဒေါက်တာခင်မကြီး,ကချင်-8,အမျိုးသားလွှတ်တော်,အမျိုးသားလွှတ်တော် ပြည်တွင်းပြည်ပအလုပ်သမားဆိုင်ရာကော်မတီ,အဖွဲ့ဝင်,
UPMP-02-0052,ဦးစိုင်းပန်ဖ,ကယား-12,အမျိုးသားလွှတ်တော်,အမျိုးသားလွှတ်တော် ပြည်တွင်းပြည်ပအလုပ်သမားဆိုင်ရာကော်မတီ,အဖွဲ့ဝင်,
UPMP-02-0067,ဒေါ်နန်းမိုးမိုးထွေး,ကရင်-4,အမျိုးသားလွှတ်တော်,အမျိုးသားလွှတ်တော် ပြည်တွင်းပြည်ပအလုပ်သမားဆိုင်ရာကော်မတီ,အဖွဲ့ဝင်,
UPMP-02-0033,ဦးကျင်ခန့်ပေါင်,ချင်း-6,အမျိုးသားလွှတ်တော်,အမျိုးသားလွှတ်တော် ပြည်တွင်းပြည်ပအလုပ်သမားဆိုင်ရာကော်မတီ,အဖွဲ့ဝင်,
UPMP-02-0124,ဦးမင်းနိုင်,စစ်ကိုင်း-12,အမျိုးသားလွှတ်တော်,အမျိုးသားလွှတ်တော် ပြည်တွင်းပြည်ပအလုပ်သမားဆိုင်ရာကော်မတီ,အဖွဲ့ဝင်,
UPMP-02-0155,ဦးဥက္ကာမင်း,တနင်္သာရီ-8,အမျိုးသားလွှတ်တော်,အမျိုးသားလွှတ်တော် ပြည်တွင်းပြည်ပအလုပ်သမားဆိုင်ရာကော်မတီ,အဖွဲ့ဝင်,
UPMP-02-0073,ဦးလှဆန်း,မကွေး-1,အမျိုးသားလွှတ်တော်,အမျိုးသားလွှတ်တော် ပြည်တွင်းပြည်ပအလုပ်သမားဆိုင်ရာကော်မတီ,အဖွဲ့ဝင်,
UPMP-02-0093,ဒေါက်တာ ဦးကြွယ်ကြွယ်,မန္တလေး-6,အမျိုးသားလွှတ်တော်,အမျိုးသားလွှတ်တော် ပြည်တွင်းပြည်ပအလုပ်သမားဆိုင်ရာကော်မတီ,အဖွဲ့ဝင်,
UPMP-02-0098,ဦးစိုးသီဟ(ခ)မောင်တူး,မွန်-10,အမျိုးသားလွှတ်တော်,အမျိုးသားလွှတ်တော် ပြည်တွင်းပြည်ပအလုပ်သမားဆိုင်ရာကော်မတီ,အဖွဲ့ဝင်,
UPMP-02-0110,ဦးကျော်သန်း,ရခိုင်-10,အမျိုးသားလွှတ်တော်,အမျိုးသားလွှတ်တော် ပြည်တွင်းပြည်ပအလုပ်သမားဆိုင်ရာကော်မတီ,အဖွဲ့ဝင်,
UPMP-02-0167,ဦးကျော်ထွေး,ရန်ကုန်-8,အမျိုးသားလွှတ်တော်,အမျိုးသားလွှတ်တော် ပြည်တွင်းပြည်ပအလုပ်သမားဆိုင်ရာကော်မတီ,ဥက္ကဋ္ဌ,
UPMP-02-0133,ဦးဇော်မင်းလတ်(ခ)ဦးကိုလတ်,ရှမ်း-1,အမျိုးသားလွှတ်တော်,အမျိုးသားလွှတ်တော် ပြည်တွင်းပြည်ပအလုပ်သမားဆိုင်ရာကော်မတီ,အတွင်းရေးမှူး,
UPMP-02-0004,ဦးကြည်ဝင်း,ဧရာဝတီ-12,အမျိုးသားလွှတ်တော်,အမျိုးသားလွှတ်တော် ပြည်တွင်းပြည်ပအလုပ်သမားဆိုင်ရာကော်မတီ,အဖွဲ့ဝင်,
UPMP-02-0011,​ဒေါ်အိအိပြုံး,ဧရာဝတီ-8,အမျိုးသားလွှတ်တော်,အမျိုးသားလွှတ်တော် ပြည်တွင်းပြည်ပအလုပ်သမားဆိုင်ရာကော်မတီ,အဖွဲ့ဝင်,
UPMP-02-0045,ဦးမင်းဆွေနိုင်,ကချင်-6,အမျိုးသားလွှတ်တော်,အမျိုးသားလွှတ်တော် ပြည်သူတို့၏ တိုင်ကြားစာဆိုင်ရာကော်မတီ,အဖွဲ့ဝင်,
UPMP-02-0054,ဦးဘော်ရယ်စိုးဝေ,ကယား-3,အမျိုးသားလွှတ်တော်,အမျိုးသားလွှတ်တော် ပြည်သူတို့၏ တိုင်ကြားစာဆိုင်ရာကော်မတီ,အဖွဲ့ဝင်,
UPMP-02-0069,​ဒေါ်နန်းနီနီအေး,ကရင်-6,အမျိုးသားလွှတ်တော်,အမျိုးသားလွှတ်တော် ပြည်သူတို့၏ တိုင်ကြားစာဆိုင်ရာကော်မတီ,အဖွဲ့ဝင်,
UPMP-02-0126,ဦးဝင်းအောင်,စစ်ကိုင်း-3,အမျိုးသားလွှတ်တော်,အမျိုးသားလွှတ်တော် ပြည်သူတို့၏ တိုင်ကြားစာဆိုင်ရာကော်မတီ,အဖွဲ့ဝင်,
UPMP-02-0148,ဦးခင်မျိုးဝင်း,တနင်္သာရီ-12,အမျိုးသားလွှတ်တော်,အမျိုးသားလွှတ်တော် ပြည်သူတို့၏ တိုင်ကြားစာဆိုင်ရာကော်မတီ,အဖွဲ့ဝင်,
UPMP-02-0014,ဦးဝင်းကြိုင်,ပဲခူး-10,အမျိုးသားလွှတ်တော်,အမျိုးသားလွှတ်တော် ပြည်သူတို့၏ တိုင်ကြားစာဆိုင်ရာကော်မတီ,အဖွဲ့ဝင်,
UPMP-02-0076,ဦးပြူးလွင်,မကွေး-12,အမျိုးသားလွှတ်တော်,အမျိုးသားလွှတ်တော် ပြည်သူတို့၏ တိုင်ကြားစာဆိုင်ရာကော်မတီ,အဖွဲ့ဝင်,
UPMP-02-0094,ဦးကျော်တုတ်,မန္တလေး-7,အမျိုးသားလွှတ်တော်,အမျိုးသားလွှတ်တော် ပြည်သူတို့၏ တိုင်ကြားစာဆိုင်ရာကော်မတီ,အဖွဲ့ဝင်,
UPMP-02-0099,ဦးလှမြင့်(ခ)ဦးလှမြင့်သန်း,မွန်-11,အမျိုးသားလွှတ်တော်,အမျိုးသားလွှတ်တော် ပြည်သူတို့၏ တိုင်ကြားစာဆိုင်ရာကော်မတီ,အတွင်းရေးမှူး,
UPMP-02-0109,ဦးဝေစိန်အောင်,ရခိုင်-1,အမျိုးသားလွှတ်တော်,အမျိုးသားလွှတ်တော် ပြည်သူတို့၏ တိုင်ကြားစာဆိုင်ရာကော်မတီ,အဖွဲ့ဝင်,
UPMP-02-0159,ဦးအေးဗိုလ်,ရန်ကုန်-11,အမျိုးသားလွှတ်တော်,အမျိုးသားလွှတ်တော် ပြည်သူတို့၏ တိုင်ကြားစာဆိုင်ရာကော်မတီ,အဖွဲ့ဝင်,
UPMP-02-0161,ဦးဌေးဦး,ရန်ကုန်-2,အမျိုးသားလွှတ်တော်,အမျိုးသားလွှတ်တော် ပြည်သူတို့၏ တိုင်ကြားစာဆိုင်ရာကော်မတီ,အဖွဲ့ဝင်,
UPMP-02-0142,ဦးစိုင်းလုံစံခတ်,ရှမ်း-7,အမျိုးသားလွှတ်တော်,အမျိုးသားလွှတ်တော် ပြည်သူတို့၏ တိုင်ကြားစာဆိုင်ရာကော်မတီ,အဖွဲ့ဝင်,
UPMP-02-0006,ဦးဆန်းမြင့်,ဧရာဝတီ-3,အမျိုးသားလွှတ်တော်,အမျိုးသားလွှတ်တော် ပြည်သူတို့၏ တိုင်ကြားစာဆိုင်ရာကော်မတီ,ဥက္ကဋ္ဌ,
UPMP-02-0037,ဦးဂျေယောဝူ,ကချင်-1,အမျိုးသားလွှတ်တော်,အမျိုးသားလွှတ်တော် ပြည်သူ့ငွေစာရင်းကော်မတီ,အဖွဲ့ဝင်,
UPMP-02-0061,​ဦးစောမိုးမြင့်(ခ)ဆင်မြူရယ်,ကရင်-1,အမျိုးသားလွှတ်တော်,အမျိုးသားလွှတ်တော် ပြည်သူ့ငွေစာရင်းကော်မတီ,အဖွဲ့ဝင်,
UPMP-02-0065,ဦး​စောသန်းထွဋ်,ကရင်-2,အမျိုးသားလွှတ်တော်,အမျိုးသားလွှတ်တော် ပြည်သူ့ငွေစာရင်းကော်မတီ,ဥက္ကဋ္ဌ,
UPMP-02-0031,ဦးဇုန်လှယ်ထန်း,ချင်း-4,အမျိုးသားလွှတ်တော်,အမျိုးသားလွှတ်တော် ပြည်သူ့ငွေစာရင်းကော်မတီ,အဖွဲ့ဝင်,
UPMP-02-0035,ဦးမာန်လောမောင်း,ချင်း-8,အမျိုးသားလွှတ်တော်,အမျိုးသားလွှတ်တော် ပြည်သူ့ငွေစာရင်းကော်မတီ,အဖွဲ့ဝင်,
UPMP-02-0128,ဦးရဲထွဋ်,စစ်ကိုင်း-5,အမျိုးသားလွှတ်တော်,အမျိုးသားလွှတ်တော် ပြည်သူ့ငွေစာရင်းကော်မတီ,အဖွဲ့ဝင်,
UPMP-02-0018,​ဒေါ်ရွှေရွှေစိန်လတ်,ပဲခူး-3,အမျိုးသားလွှတ်တော်,အမျိုးသားလွှတ်တော် ပြည်သူ့ငွေစာရင်းကော်မတီ,အဖွဲ့ဝင်,
UPMP-02-0074,​ဒေါက်တာကျော်ငွေ,မကွေး-10,အမျိုးသားလွှတ်တော်,အမျိုးသားလွှတ်တော် ပြည်သူ့ငွေစာရင်းကော်မတီ,အဖွဲ့ဝင်,
UPMP-02-0089,ဦးထွန်းထွန်းဦး,မန္တလေး-2,အမျိုးသားလွှတ်တော်,အမျိုးသားလွှတ်တော် ပြည်သူ့ငွေစာရင်းကော်မတီ,အဖွဲ့ဝင်,
UPMP-02-0111,​ဒေါ်ထုမေ,ရခိုင်-11,အမျိုးသားလွှတ်တော်,အမျိုးသားလွှတ်တော် ပြည်သူ့ငွေစာရင်းကော်မတီ,အဖွဲ့ဝင်,
UPMP-02-0158,​ဒေါ်နော်လှလှစိုး,ရန်ကုန်-10,အမျိုးသားလွှတ်တော်,အမျိုးသားလွှတ်တော် ပြည်သူ့ငွေစာရင်းကော်မတီ,အဖွဲ့ဝင်,
UPMP-02-0163,ဦးသန်းစိုး(ခ)သန်းစိုး(ဘောဂဗေဒ),ရန်ကုန်-4,အမျိုးသားလွှတ်တော်,အမျိုးသားလွှတ်တော် ပြည်သူ့ငွေစာရင်းကော်မတီ,အဖွဲ့ဝင်,
UPMP-02-0141,ဒေါက်တာစိုင်းဆိုင်ကျောက်ဆမ်,ရှမ်း-6,အမျိုးသားလွှတ်တော်,အမျိုးသားလွှတ်တော် ပြည်သူ့ငွေစာရင်းကော်မတီ,အတွင်းရေးမှူး,
UPMP-02-0001,ဦးစိုးမိုး,ဧရာဝတီ-1,အမျိုးသားလွှတ်တော်,အမျိုးသားလွှတ်တော် ပြည်သူ့ငွေစာရင်းကော်မတီ,အဖွဲ့ဝင်,
UPMP-02-0048,ဦးခင်မောင်မြင့်,ကချင်-9,အမျိုးသားလွှတ်တော်,အမျိုးသားလွှတ်တော် လွှတ်တော်အခွင့်အရေးကော်မတီ,အဖွဲ့ဝင်,
UPMP-02-0058,​ဦးအောင်ကျော်စိုး,ကယား-7,အမျိုးသားလွှတ်တော်,အမျိုးသားလွှတ်တော် လွှတ်တော်အခွင့်အရေးကော်မတီ,အဖွဲ့ဝင်,
UPMP-02-0070,​ဒေါ်နော်ခရစ္စထွန်း(ခေါ်)ဒေါက်တာအားကာမို,ကရင်-7,အမျိုးသားလွှတ်တော်,အမျိုးသားလွှတ်တော် လွှတ်တော်အခွင့်အရေးကော်မတီ,အဖွဲ့ဝင်,
UPMP-02-0029,ဦးရှန်အောရ်,ချင်း-2,အမျိုးသားလွှတ်တော်,အမျိုးသားလွှတ်တော် လွှတ်တော်အခွင့်အရေးကော်မတီ,အဖွဲ့ဝင်,
UPMP-02-0132,ဦးမောင်မောင်လတ်,စစ်ကိုင်း-9,အမျိုးသားလွှတ်တော်,အမျိုးသားလွှတ်တော် လွှတ်တော်အခွင့်အရေးကော်မတီ,အဖွဲ့ဝင်,
UPMP-02-0153,ဦးတင်ဝေ,တနင်္သာရီ-6,အမျိုးသားလွှတ်တော်,အမျိုးသားလွှတ်တော် လွှတ်တော်အခွင့်အရေးကော်မတီ,အဖွဲ့ဝင်,
UPMP-02-0021,ဦးမင်းဦး,ပဲခူး-6,အမျိုးသားလွှတ်တော်,အမျိုးသားလွှတ်တော် လွှတ်တော်အခွင့်အရေးကော်မတီ,အတွင်းရေးမှူး,
UPMP-02-0084,ဦးမြမင်းဆွေ,မကွေး-9,အမျိုးသားလွှတ်တော်,အမျိုးသားလွှတ်တော် လွှတ်တော်အခွင့်အရေးကော်မတီ,အဖွဲ့ဝင်,
UPMP-02-0088,ဦးကျော်သီဟ,မန္တလေး-12,အမျိုးသားလွှတ်တော်,အမျိုးသားလွှတ်တော် လွှတ်တော်အခွင့်အရေးကော်မတီ,အဖွဲ့ဝင်,
UPMP-02-0104,ဒေါ်မြတ်သီတာထွန်း,မွန်-5,အမျိုးသားလွှတ်တော်,အမျိုးသားလွှတ်တော် လွှတ်တော်အခွင့်အရေးကော်မတီ,အဖွဲ့ဝင်,
UPMP-02-0117,ဦးအေးသာအောင်,ရခိုင်-6,အမျိုးသားလွှတ်တော်,အမျိုးသားလွှတ်တော် လွှတ်တော်အခွင့်အရေးကော်မတီ,ဥက္ကဋ္ဌ,
UPMP-02-0167,ဦးကျော်ထွေး,ရန်ကုန်-8,အမျိုးသားလွှတ်တော်,အမျိုးသားလွှတ်တော် လွှတ်တော်အခွင့်အရေးကော်မတီ,အဖွဲ့ဝင်,
UPMP-02-0136,ဦးစိုင်းစံအောင်,ရှမ်း-12,အမျိုးသားလွှတ်တော်,အမျိုးသားလွှတ်တော် လွှတ်တော်အခွင့်အရေးကော်မတီ,အဖွဲ့ဝင်,
UPMP-02-0009,ဦးမန်းထွန်းကြိုင်,ဧရာဝတီ-6,အမျိုးသားလွှတ်တော်,အမျိုးသားလွှတ်တော် လွှတ်တော်အခွင့်အရေးကော်မတီ,အဖွဲ့ဝင်,
UPMP-02-0048,ဦးခင်မောင်မြင့်,ကချင်-9,အမျိုးသားလွှတ်တော်,အမျိုးသားလွှတ်တော် သတ္တုသယံဇာတနှင့်သဘာဝပတ်ဝန်းကျင်ထိန်းသိမ်းရေးဆိုင်ရာကော်မတီ,အဖွဲ့ဝင်,
UPMP-02-0050,ဦးစိုင်းသာစိန်,ကယား-10,အမျိုးသားလွှတ်တော်,အမျိုးသားလွှတ်တော် သတ္တုသယံဇာတနှင့်သဘာဝပတ်ဝန်းကျင်ထိန်းသိမ်းရေးဆိုင်ရာကော်မတီ,အဖွဲ့ဝင်,
UPMP-02-0056,​ဒေါ်ရှားမူ,ကယား-5,အမျိုးသားလွှတ်တော်,အမျိုးသားလွှတ်တော် သတ္တုသယံဇာတနှင့်သဘာဝပတ်ဝန်းကျင်ထိန်းသိမ်းရေးဆိုင်ရာကော်မတီ,အဖွဲ့ဝင်,
UPMP-02-0061,​ဦးစောမိုးမြင့်(ခ)ဆင်မြူရယ်,ကရင်-1,အမျိုးသားလွှတ်တော်,အမျိုးသားလွှတ်တော် သတ္တုသယံဇာတနှင့်သဘာဝပတ်ဝန်းကျင်ထိန်းသိမ်းရေးဆိုင်ရာကော်မတီ,အဖွဲ့ဝင်,
UPMP-02-0128,ဦးရဲထွဋ်,စစ်ကိုင်း-5,အမျိုးသားလွှတ်တော်,အမျိုးသားလွှတ်တော် သတ္တုသယံဇာတနှင့်သဘာဝပတ်ဝန်းကျင်ထိန်းသိမ်းရေးဆိုင်ရာကော်မတီ,အဖွဲ့ဝင်,
UPMP-02-0130,ဦးခင်မောင်ဝင်း,စစ်ကိုင်း-7,အမျိုးသားလွှတ်တော်,အမျိုးသားလွှတ်တော် သတ္တုသယံဇာတနှင့်သဘာဝပတ်ဝန်းကျင်ထိန်းသိမ်းရေးဆိုင်ရာကော်မတီ,အဖွဲ့ဝင်,
UPMP-02-0151,ဦးဟန်ဝင်းသိန်း,တနင်္သာရီ-4,အမျိုးသားလွှတ်တော်,အမျိုးသားလွှတ်တော် သတ္တုသယံဇာတနှင့်သဘာဝပတ်ဝန်းကျင်ထိန်းသိမ်းရေးဆိုင်ရာကော်မတီ,အဖွဲ့ဝင်,
UPMP-02-0088,ဦးကျော်သီဟ,မန္တလေး-12,အမျိုးသားလွှတ်တော်,အမျိုးသားလွှတ်တော် သတ္တုသယံဇာတနှင့်သဘာဝပတ်ဝန်းကျင်ထိန်းသိမ်းရေးဆိုင်ရာကော်မတီ,ဥက္ကဋ္ဌ,
UPMP-02-0089,ဦးထွန်းထွန်းဦး,မန္တလေး-2,အမျိုးသားလွှတ်တော်,အမျိုးသားလွှတ်တော် သတ္တုသယံဇာတနှင့်သဘာဝပတ်ဝန်းကျင်ထိန်းသိမ်းရေးဆိုင်ရာကော်မတီ,အဖွဲ့ဝင်,
UPMP-02-0100,​ဒေါ်သီရိရတနာ,မွန်-12,အမျိုးသားလွှတ်တော်,အမျိုးသားလွှတ်တော် သတ္တုသယံဇာတနှင့်သဘာဝပတ်ဝန်းကျင်ထိန်းသိမ်းရေးဆိုင်ရာကော်မတီ,အဖွဲ့ဝင်,
UPMP-02-0116,ဦးမြင့်နိုင်,ရခိုင်-5,အမျိုးသားလွှတ်တော်,အမျိုးသားလွှတ်တော် သတ္တုသယံဇာတနှင့်သဘာဝပတ်ဝန်းကျင်ထိန်းသိမ်းရေးဆိုင်ရာကော်မတီ,အဖွဲ့ဝင်,
UPMP-02-0140,ဦးညီစိန်,ရှမ်း-5,အမျိုးသားလွှတ်တော်,အမျိုးသားလွှတ်တော် သတ္တုသယံဇာတနှင့်သဘာဝပတ်ဝန်းကျင်ထိန်းသိမ်းရေးဆိုင်ရာကော်မတီ,အဖွဲ့ဝင်,
UPMP-02-0005,ဦးစခင်ဇော်လင်း,ဧရာဝတီ-2,အမျိုးသားလွှတ်တော်,အမျိုးသားလွှတ်တော် သတ္တုသယံဇာတနှင့်သဘာဝပတ်ဝန်းကျင်ထိန်းသိမ်းရေးဆိုင်ရာကော်မတီ,အတွင်းရေးမှူး,
UPMP-02-0008,ဦးမောင်မောင်အုန်း,ဧရာဝတီ-5,အမျိုးသားလွှတ်တော်,အမျိုးသားလွှတ်တော် သတ္တုသယံဇာတနှင့်သဘာဝပတ်ဝန်းကျင်ထိန်းသိမ်းရေးဆိုင်ရာကော်မတီ,အဖွဲ့ဝင်,
UPMP-02-0045,ဦးမင်းဆွေနိုင်,ကချင်-6,အမျိုးသားလွှတ်တော်,အမျိုးသားလွှတ်တော် အစိုးရ၏ အာမခံချက်များ၊ ကတိများ၊ တာဝန်ခံများ စိစစ်ရေး ကော်မတီ,အဖွဲ့ဝင်,
UPMP-02-0049,ဦးဖြေရယ်(ခ)ဦးမြင့်သန်းထွန်း,ကယား-1,အမျိုးသားလွှတ်တော်,အမျိုးသားလွှတ်တော် အစိုးရ၏ အာမခံချက်များ၊ ကတိများ၊ တာဝန်ခံများ စိစစ်ရေး ကော်မတီ,အဖွဲ့ဝင်,
UPMP-02-0066,​ဦးစောချစ်ဦး,ကရင်-3,အမျိုးသားလွှတ်တော်,အမျိုးသားလွှတ်တော် အစိုးရ၏ အာမခံချက်များ၊ ကတိများ၊ တာဝန်ခံများ စိစစ်ရေး ကော်မတီ,အဖွဲ့ဝင်,
UPMP-02-0036,​ဒေါ်ခင်ဆွေလွင်,ချင်း-9,အမျိုးသားလွှတ်တော်,အမျိုးသားလွှတ်တော် အစိုးရ၏ အာမခံချက်များ၊ ကတိများ၊ တာဝန်ခံများ စိစစ်ရေး ကော်မတီ,အဖွဲ့ဝင်,
UPMP-02-0126,ဦးဝင်းအောင်,စစ်ကိုင်း-3,အမျိုးသားလွှတ်တော်,အမျိုးသားလွှတ်တော် အစိုးရ၏ အာမခံချက်များ၊ ကတိများ၊ တာဝန်ခံများ စိစစ်ရေး ကော်မတီ,အဖွဲ့ဝင်,
UPMP-02-0145,ဦးအောင်ဝင်း,တနင်္သာရီ-1,အမျိုးသားလွှတ်တော်,အမျိုးသားလွှတ်တော် အစိုးရ၏ အာမခံချက်များ၊ ကတိများ၊ တာဝန်ခံများ စိစစ်ရေး ကော်မတီ,အဖွဲ့ဝင်,
UPMP-02-0017,​ဒေါက်တာမိုးမြင့်အောင်,ပဲခူး-2,အမျိုးသားလွှတ်တော်,အမျိုးသားလွှတ်တော် အစိုးရ၏ အာမခံချက်များ၊ ကတိများ၊ တာဝန်ခံများ စိစစ်ရေး ကော်မတီ,အဖွဲ့ဝင်,
UPMP-02-0076,ဦးပြူးလွင်,မကွေး-12,အမျိုးသားလွှတ်တော်,အမျိုးသားလွှတ်တော် အစိုးရ၏ အာမခံချက်များ၊ ကတိများ၊ တာဝန်ခံများ စိစစ်ရေး ကော်မတီ,အဖွဲ့ဝင်,
UPMP-02-0086,ဦးကျော်မြင့်ဦး,မန္တလေး-10,အမျိုးသားလွှတ်တော်,အမျိုးသားလွှတ်တော် အစိုးရ၏ အာမခံချက်များ၊ ကတိများ၊ တာဝန်ခံများ စိစစ်ရေး ကော်မတီ,အဖွဲ့ဝင်,
UPMP-02-0099,ဦးလှမြင့်(ခ)ဦးလှမြင့်သန်း,မွန်-11,အမျိုးသားလွှတ်တော်,အမျိုးသားလွှတ်တော် အစိုးရ၏ အာမခံချက်များ၊ ကတိများ၊ တာဝန်ခံများ စိစစ်ရေး ကော်မတီ,အဖွဲ့ဝင်,
UPMP-02-0114,ဦးခင်မောင်လတ်,ရခိုင်-3,အမျိုးသားလွှတ်တော်,အမျိုးသားလွှတ်တော် အစိုးရ၏ အာမခံချက်များ၊ ကတိများ၊ တာဝန်ခံများ စိစစ်ရေး ကော်မတီ,အဖွဲ့ဝင်,
UPMP-02-0160,ဦးကျော်နိုင်,ရန်ကုန်-12,အမျိုးသားလွှတ်တော်,အမျိုးသားလွှတ်တော် အစိုးရ၏ အာမခံချက်များ၊ ကတိများ၊ တာဝန်ခံများ စိစစ်ရေး ကော်မတီ,အဖွဲ့ဝင်,
UPMP-02-0135,ဦးကျော်နီနိုင်,ရှမ်း-11,အမျိုးသားလွှတ်တော်,အမျိုးသားလွှတ်တော် အစိုးရ၏ အာမခံချက်များ၊ ကတိများ၊ တာဝန်ခံများ စိစစ်ရေး ကော်မတီ,အတွင်းရေးမှူး,
UPMP-02-0002,ဦးသိမ်းဆွေ,ဧရာဝတီ-10,အမျိုးသားလွှတ်တော်,အမျိုးသားလွှတ်တော် အစိုးရ၏ အာမခံချက်များ၊ ကတိများ၊ တာဝန်ခံများ စိစစ်ရေး ကော်မတီ,ဥက္ကဋ္ဌ,
UPMP-02-0059,ဦးကျော်သန်း,ကယား-8,အမျိုးသားလွှတ်တော်,အမျိုးသားလွှတ်တော် အမျိုးသမီးနှင့်ကလေးသူငယ်အခွင့်အရေးဆိုင်ရာကော်မတီ,အဖွဲ့ဝင်,
UPMP-02-0064,​ဦးစောယှားဖောင်အွာ,ကရင်-12,အမျိုးသားလွှတ်တော်,အမျိုးသားလွှတ်တော် အမျိုးသမီးနှင့်ကလေးသူငယ်အခွင့်အရေးဆိုင်ရာကော်မတီ,အဖွဲ့ဝင်,
UPMP-02-0153,ဦးတင်ဝေ,တနင်္သာရီ-6,အမျိုးသားလွှတ်တော်,အမျိုးသားလွှတ်တော် အမျိုးသမီးနှင့်ကလေးသူငယ်အခွင့်အရေးဆိုင်ရာကော်မတီ,အဖွဲ့ဝင်,
UPMP-02-0020,​ဒေါက်တာတင်တင်ဝင်း,ပဲခူး-5,အမျိုးသားလွှတ်တော်,အမျိုးသားလွှတ်တော် အမျိုးသမီးနှင့်ကလေးသူငယ်အခွင့်အရေးဆိုင်ရာကော်မတီ,အဖွဲ့ဝင်,
UPMP-02-0022,​ဒေါက်တာမြသောင်း,ပဲခူး-7,အမျိုးသားလွှတ်တော်,အမျိုးသားလွှတ်တော် အမျိုးသမီးနှင့်ကလေးသူငယ်အခွင့်အရေးဆိုင်ရာကော်မတီ,ဥက္ကဋ္ဌ,
UPMP-02-0023,​ဒေါက်တာဝင်းမြင့်ချစ်,ပဲခူး-8,အမျိုးသားလွှတ်တော်,အမျိုးသားလွှတ်တော် အမျိုးသမီးနှင့်ကလေးသူငယ်အခွင့်အရေးဆိုင်ရာကော်မတီ,အဖွဲ့ဝင်,
UPMP-02-0081,ဦးဝင်းမောင်,မကွေး-6,အမျိုးသားလွှတ်တော်,အမျိုးသားလွှတ်တော် အမျိုးသမီးနှင့်ကလေးသူငယ်အခွင့်အရေးဆိုင်ရာကော်မတီ,အဖွဲ့ဝင်,
UPMP-02-0096,ဦးမောင်မောင်ဆွေ,မန္တလေး-9,အမျိုးသားလွှတ်တော်,အမျိုးသားလွှတ်တော် အမျိုးသမီးနှင့်ကလေးသူငယ်အခွင့်အရေးဆိုင်ရာကော်မတီ,အဖွဲ့ဝင်,
UPMP-02-0097,ဦးအေးမင်းဟန်,မွန်-1,အမျိုးသားလွှတ်တော်,အမျိုးသားလွှတ်တော် အမျိုးသမီးနှင့်ကလေးသူငယ်အခွင့်အရေးဆိုင်ရာကော်မတီ,အဖွဲ့ဝင်,
UPMP-02-0119,ဦးကျော်ကျော်ဝင်း,ရခိုင်-8,အမျိုးသားလွှတ်တော်,အမျိုးသားလွှတ်တော် အမျိုးသမီးနှင့်ကလေးသူငယ်အခွင့်အရေးဆိုင်ရာကော်မတီ,အဖွဲ့ဝင်,
UPMP-02-0158,​ဒေါ်နော်လှလှစိုး,ရန်ကုန်-10,အမျိုးသားလွှတ်တော်,အမျိုးသားလွှတ်တော် အမျိုးသမီးနှင့်ကလေးသူငယ်အခွင့်အရေးဆိုင်ရာကော်မတီ,အတွင်းရေးမှူး,
UPMP-02-0160,ဦးကျော်နိုင်,ရန်ကုန်-12,အမျိုးသားလွှတ်တော်,အမျိုးသားလွှတ်တော် အမျိုးသမီးနှင့်ကလေးသူငယ်အခွင့်အရေးဆိုင်ရာကော်မတီ,အဖွဲ့ဝင်,
UPMP-02-0140,ဦးစိုင်းဆာလူ,ရှမ်း-5,အမျိုးသားလွှတ်တော်,အမျိုးသားလွှတ်တော် အမျိုးသမီးနှင့်ကလေးသူငယ်အခွင့်အရေးဆိုင်ရာကော်မတီ,အဖွဲ့ဝင်,
UPMP-02-0003,​ဒေါ်မေသန်းနွဲ့,ဧရာဝတီ-11,အမျိုးသားလွှတ်တော်,အမျိုးသားလွှတ်တော် အမျိုးသမီးနှင့်ကလေးသူငယ်အခွင့်အရေးဆိုင်ရာကော်မတီ,အဖွဲ့ဝင်,
UPMP-02-0038,ဦးသိန်းလွင်,ကချင်-10,အမျိုးသားလွှတ်တော်,အမျိုးသားလွှတ်တော် ဥပဒေကြမ်းကော်မတီ,အဖွဲ့ဝင်,
UPMP-02-0062,​ဒေါက်တာမျိုးအောင်,ကရင်-10,အမျိုးသားလွှတ်တော်,အမျိုးသားလွှတ်တော် ဥပဒေကြမ်းကော်မတီ,အဖွဲ့ဝင်,
UPMP-02-0069,​ဒေါ်နန်းနီနီအေး,ကရင်-6,အမျိုးသားလွှတ်တော်,အမျိုးသားလွှတ်တော် ဥပဒေကြမ်းကော်မတီ,အဖွဲ့ဝင်,
UPMP-02-0026,ဦးလားလ်မင်းထန်,ချင်း-10,အမျိုးသားလွှတ်တော်,အမျိုးသားလွှတ်တော် ဥပဒေကြမ်းကော်မတီ,အဖွဲ့ဝင်,
UPMP-02-0034,​ဒေါ်ကျိန်ငိုက်မန်,ချင်း-7,အမျိုးသားလွှတ်တော်,အမျိုးသားလွှတ်တော် ဥပဒေကြမ်းကော်မတီ,အဖွဲ့ဝင်,
UPMP-02-0129,ဦးဇော်မင်း,စစ်ကိုင်း-6,အမျိုးသားလွှတ်တော်,အမျိုးသားလွှတ်တော် ဥပဒေကြမ်းကော်မတီ,ဥက္ကဋ္ဌ,
UPMP-02-0016,ဦးအောင်သိန်း,ပဲခူး-12,အမျိုးသားလွှတ်တော်,အမျိုးသားလွှတ်တော် ဥပဒေကြမ်းကော်မတီ,အဖွဲ့ဝင်,
UPMP-02-0079,ဦးအောင်ကြည်ညွန့်,မကွေး-4,အမျိုးသားလွှတ်တော်,အမျိုးသားလွှတ်တော် ဥပဒေကြမ်းကော်မတီ,အဖွဲ့ဝင်,
UPMP-02-0091,​ဒေါ်လှဌေး(ခ)ဒေါ်အုန်းကြည်,မန္တလေး-4,အမျိုးသားလွှတ်တော်,အမျိုးသားလွှတ်တော် ဥပဒေကြမ်းကော်မတီ,အဖွဲ့ဝင်,
UPMP-02-0101,​ဒေါ်နွယ်နွယ်အောင်,မွန်-2,အမျိုးသားလွှတ်တော်,အမျိုးသားလွှတ်တော် ဥပဒေကြမ်းကော်မတီ,အဖွဲ့ဝင်,
UPMP-02-0115,ဦးကျော်ကျော်,ရခိုင်-4,အမျိုးသားလွှတ်တော်,အမျိုးသားလွှတ်တော် ဥပဒေကြမ်းကော်မတီ,အဖွဲ့ဝင်,
UPMP-02-0162,ဒေါက်တာမြတ်ဉာဏစိုး,ရန်ကုန်-3,အမျိုးသားလွှတ်တော်,အမျိုးသားလွှတ်တော် ဥပဒေကြမ်းကော်မတီ,အတွင်းရေးမှူး,
UPMP-02-0137,ဦးစိုင်းထွန်းအောင်,ရှမ်း-2,အမျိုးသားလွှတ်တော်,အမျိုးသားလွှတ်တော် ဥပဒေကြမ်းကော်မတီ,အဖွဲ့ဝင်,
UPMP-02-0006,ဦးဆန်းမြင့်,ဧရာဝတီ-3,အမျိုးသားလွှတ်တော်,အမျိုးသားလွှတ်တော် ဥပဒေကြမ်းကော်မတီ,အဖွဲ့ဝင်,
UPMP-02-0046,ဦးဝင်းဇော်,ကချင်-7,အမျိုးသားလွှတ်တော်,အမျိုးသားလွှတ်တော်လွှတ်တော် ကျန်းမာရေး၊အားကစားနှင့်ယဉ်ကျေးမှုဆိုင်ရာကော်မတီ,အဖွဲ့ဝင်,
UPMP-02-0057,​ဒေါ်လွီးဇာ,ကယား-6,အမျိုးသားလွှတ်တော်,အမျိုးသားလွှတ်တော်လွှတ်တော် ကျန်းမာရေး၊အားကစားနှင့်ယဉ်ကျေးမှုဆိုင်ရာကော်မတီ,အဖွဲ့ဝင်,
UPMP-02-0027,ဦးဝှေ့တင်း,ချင်း-11,အမျိုးသားလွှတ်တော်,အမျိုးသားလွှတ်တော်လွှတ်တော် ကျန်းမာရေး၊အားကစားနှင့်ယဉ်ကျေးမှုဆိုင်ရာကော်မတီ,အဖွဲ့ဝင်,
UPMP-02-0127,ဦးလှဦး,စစ်ကိုင်း-4,အမျိုးသားလွှတ်တော်,အမျိုးသားလွှတ်တော်လွှတ်တော် ကျန်းမာရေး၊အားကစားနှင့်ယဉ်ကျေးမှုဆိုင်ရာကော်မတီ,အဖွဲ့ဝင်,
UPMP-02-0152,​ဒေါက်တာလင်းဝေဖြိုးလတ်,တနင်္သာရီ-5,အမျိုးသားလွှတ်တော်,အမျိုးသားလွှတ်တော်လွှတ်တော် ကျန်းမာရေး၊အားကစားနှင့်ယဉ်ကျေးမှုဆိုင်ရာကော်မတီ,အဖွဲ့ဝင်,
UPMP-02-0013,ဒေါက်တာစန်းမောင်မောင်,ပဲခူး-1,အမျိုးသားလွှတ်တော်,အမျိုးသားလွှတ်တော်လွှတ်တော် ကျန်းမာရေး၊အားကစားနှင့်ယဉ်ကျေးမှုဆိုင်ရာကော်မတီ,အတွင်းရေးမှူး,
UPMP-02-0074,​ဒေါက်တာကျော်ငွေ,မကွေး-10,အမျိုးသားလွှတ်တော်,အမျိုးသားလွှတ်တော်လွှတ်တော် ကျန်းမာရေး၊အားကစားနှင့်ယဉ်ကျေးမှုဆိုင်ရာကော်မတီ,အဖွဲ့ဝင်,
UPMP-02-0090,​ဒေါက်တာကျော်သန်းထွန်း(ကန်တုန်),မန္တလေး-3,အမျိုးသားလွှတ်တော်,အမျိုးသားလွှတ်တော်လွှတ်တော် ကျန်းမာရေး၊အားကစားနှင့်ယဉ်ကျေးမှုဆိုင်ရာကော်မတီ,အဖွဲ့ဝင်,
UPMP-02-0108,​ဒေါက်တာဇော်လင်းထွဋ်,မွန်-9,အမျိုးသားလွှတ်တော်,အမျိုးသားလွှတ်တော်လွှတ်တော် ကျန်းမာရေး၊အားကစားနှင့်ယဉ်ကျေးမှုဆိုင်ရာကော်မတီ,ဥက္ကဋ္ဌ,
UPMP-02-0116,ဦးမြင့်နိုင်,ရခိုင်-5,အမျိုးသားလွှတ်တော်,အမျိုးသားလွှတ်တော်လွှတ်တော် ကျန်းမာရေး၊အားကစားနှင့်ယဉ်ကျေးမှုဆိုင်ရာကော်မတီ,အဖွဲ့ဝင်,
UPMP-02-0134,ဦးမိုင်းအုဏ်းခိုင်,ရှမ်း-10,အမျိုးသားလွှတ်တော်,အမျိုးသားလွှတ်တော်လွှတ်တော် ကျန်းမာရေး၊အားကစားနှင့်ယဉ်ကျေးမှုဆိုင်ရာကော်မတီ,အဖွဲ့ဝင်,
UPMP-02-0138,ဦးစိုင်းဝမ်းလှိုင်းခမ်း,ရှမ်း-3,အမျိုးသားလွှတ်တော်,အမျိုးသားလွှတ်တော်လွှတ်တော် ကျန်းမာရေး၊အားကစားနှင့်ယဉ်ကျေးမှုဆိုင်ရာကော်မတီ,အဖွဲ့ဝင်,
UPMP-02-0010,​ဒေါက်တာပြည့်ဖြိုး,ဧရာဝတီ-7,အမျိုးသားလွှတ်တော်,အမျိုးသားလွှတ်တော်လွှတ်တော် ကျန်းမာရေး၊အားကစားနှင့်ယဉ်ကျေးမှုဆိုင်ရာကော်မတီ,အဖွဲ့ဝင်,
UPMP-02-0053,ဦးရှေးရယ်ရှုမောင်,ကယား-2,အမျိုးသားလွှတ်တော်,အမျိုးသားလွှတ်တော်အစိုးရမဟုတ်သော ပြည်တွင်းပြည်ပ အဖွဲ့အစည်းများဆိုင်ရာကော်မတီ,အဖွဲ့ဝင်,
UPMP-02-0063,ဒေါ်နော်ဆာမူထူး,ကရင်-11,အမျိုးသားလွှတ်တော်,အမျိုးသားလွှတ်တော်အစိုးရမဟုတ်သော ပြည်တွင်းပြည်ပ အဖွဲ့အစည်းများဆိုင်ရာကော်မတီ,အဖွဲ့ဝင်,
UPMP-02-0122,ဦးတင်မောင်ဝင်း,စစ်ကိုင်း-10,အမျိုးသားလွှတ်တော်,အမျိုးသားလွှတ်တော်အစိုးရမဟုတ်သော ပြည်တွင်းပြည်ပ အဖွဲ့အစည်းများဆိုင်ရာကော်မတီ,အဖွဲ့ဝင်,
UPMP-02-0123,ဦးညီညီထွေး(ခ)ဦးကိုကိုလေး,စစ်ကိုင်း-11,အမျိုးသားလွှတ်တော်,အမျိုးသားလွှတ်တော်အစိုးရမဟုတ်သော ပြည်တွင်းပြည်ပ အဖွဲ့အစည်းများဆိုင်ရာကော်မတီ,အဖွဲ့ဝင်,
UPMP-02-0146,ဦးစိုးသိန်း(ခ)ဦးမောင်စိုး,တနင်္သာရီ-10,အမျိုးသားလွှတ်တော်,အမျိုးသားလွှတ်တော်အစိုးရမဟုတ်သော ပြည်တွင်းပြည်ပ အဖွဲ့အစည်းများဆိုင်ရာကော်မတီ,အဖွဲ့ဝင်,
UPMP-02-0018,​ဒေါ်ရွှေရွှေစိန်လတ်,ပဲခူး-3,အမျိုးသားလွှတ်တော်,အမျိုးသားလွှတ်တော်အစိုးရမဟုတ်သော ပြည်တွင်းပြည်ပ အဖွဲ့အစည်းများဆိုင်ရာကော်မတီ,အဖွဲ့ဝင်,
UPMP-02-0021,ဦးမင်းဦး,ပဲခူး-6,အမျိုးသားလွှတ်တော်,အမျိုးသားလွှတ်တော်အစိုးရမဟုတ်သော ပြည်တွင်းပြည်ပ အဖွဲ့အစည်းများဆိုင်ရာကော်မတီ,ဥက္ကဋ္ဌ,
UPMP-02-0080,ဦးတင်အောင်ထွန်း,မကွေး-5,အမျိုးသားလွှတ်တော်,အမျိုးသားလွှတ်တော်အစိုးရမဟုတ်သော ပြည်တွင်းပြည်ပ အဖွဲ့အစည်းများဆိုင်ရာကော်မတီ,အဖွဲ့ဝင်,
UPMP-02-0087,ဦးစိုးအောင်,မန္တလေး-11,အမျိုးသားလွှတ်တော်,အမျိုးသားလွှတ်တော်အစိုးရမဟုတ်သော ပြည်တွင်းပြည်ပ အဖွဲ့အစည်းများဆိုင်ရာကော်မတီ,အဖွဲ့ဝင်,
UPMP-02-0104,ဒေါ်မြတ်သီတာထွန်း,မွန်-5,အမျိုးသားလွှတ်တော်,အမျိုးသားလွှတ်တော်အစိုးရမဟုတ်သော ပြည်တွင်းပြည်ပ အဖွဲ့အစည်းများဆိုင်ရာကော်မတီ,အဖွဲ့ဝင်,
UPMP-02-0107,ဦးမျိုးဝင်း,မွန်-8,အမျိုးသားလွှတ်တော်,အမျိုးသားလွှတ်တော်အစိုးရမဟုတ်သော ပြည်တွင်းပြည်ပ အဖွဲ့အစည်းများဆိုင်ရာကော်မတီ,အဖွဲ့ဝင်,
UPMP-02-0114,ဦးခင်မောင်လတ်,ရခိုင်-3,အမျိုးသားလွှတ်တော်,အမျိုးသားလွှတ်တော်အစိုးရမဟုတ်သော ပြည်တွင်းပြည်ပ အဖွဲ့အစည်းများဆိုင်ရာကော်မတီ,အဖွဲ့ဝင်,
UPMP-02-0138,ဦးစိုင်းဝမ်းလှိုင်းခမ်း,ရှမ်း-3,အမျိုးသားလွှတ်တော်,အမျိုးသားလွှတ်တော်အစိုးရမဟုတ်သော ပြည်တွင်းပြည်ပ အဖွဲ့အစည်းများဆိုင်ရာကော်မတီ,အဖွဲ့ဝင်,
UPMP-02-0010,​ဒေါက်တာပြည့်ဖြိုး,ဧရာဝတီ-7,အမျိုးသားလွှတ်တော်,အမျိုးသားလွှတ်တော်အစိုးရမဟုတ်သော ပြည်တွင်းပြည်ပ အဖွဲ့အစည်းများဆိုင်ရာကော်မတီ,အတွင်းရေးမှူး,
LWMP-02-0205,ဒေါက်တာဦးမင်းသိန်း,ရေဦးမဲဆန္ဒနယ်,ပြည်သူ့လွှတ်တော်,ပြည်သူ့လွှတ်တော် နိုင်ငံတကာဆက်ဆံရေးကော်မတီ,အဖွဲ့ဝင်,ပြည်သူ့လွှတ်တော် အမိန့်ကြော်ငြာစာအမှတ် ၁၅/၂၀၁၇အရ ထပ်မံထည့်သွင်း
LWMP-02-0120,ဦးအောင်ထူးမြင့်,အောင်လံမဲဆန္ဒနယ်,ပြည်သူ့လွှတ်တော်,ပြည်သူ့လွှတ်တော် နိုင်ငံတကာဆက်ဆံရေးကော်မတီ,အဖွဲ့ဝင်,ပြည်သူ့လွှတ်တော် အမိန့်ကြော်ငြာစာအမှတ် ၁၅/၂၀၁၇အရ ထပ်မံထည့်သွင်း
LWMP-02-0245,ဦးအောင်ကျော်ဦး (ခ) ဦးကျော်ဦး,မိုင်းတုံမဲဆန္ဒနယ်,ပြည်သူ့လွှတ်တော်,ပြည်သူ့လွှတ်တော် တိုင်းရင်းသားရေးရာနှင့် ပြည်တွင်းငြိမ်းချမ်းရေးဖော်ဆောင်မှုကော်မတီ,အဖွဲ့ဝင်,ပြည်သူ့လွှတ်တော် အမိန့်ကြော်ငြာစာအမှတ် ၁၅/၂၀၁၇အရ ထပ်မံထည့်သွင်း
LWMP-02-0192,ဦးဝမ်းလှ,နန်းယွန်းမဲဆန္ဒနယ်,ပြည်သူ့လွှတ်တော်,ပြည်သူ့လွှတ်တော် တိုင်းရင်းသားရေးရာနှင့် ပြည်တွင်းငြိမ်းချမ်းရေးဖော်ဆောင်မှုကော်မတီ,အဖွဲ့ဝင်,ပြည်သူ့လွှတ်တော် အမိန့်ကြော်ငြာစာအမှတ် ၁၅/၂၀၁၇အရ ထပ်မံထည့်သွင်း
LWMP-02-0055,ဦးစံခင်,ကန်ပက်လက်မဲဆန္ဒနယ်,ပြည်သူ့လွှတ်တော်,ပြည်သူ့လွှတ်တော် တိုင်းရင်းသားရေးရာနှင့် ပြည်တွင်းငြိမ်းချမ်းရေးဖော်ဆောင်မှုကော်မတီ,အဖွဲ့ဝင်,ပြည်သူ့လွှတ်တော် အမိန့်ကြော်ငြာစာအမှတ် ၁၅/၂၀၁၇အရ ထပ်မံထည့်သွင်း
LWMP-02-0286,ဦးကျော်မင်း,ကမာရွတ်မဲဆန္ဒနယ်,ပြည်သူ့လွှတ်တော်,ပြည်သူ့လွှတ်တော် နိုင်ငံသားများ၏ မူလအခွင့်အရေးဆိုင်ရာကော်မတီ,အဖွဲ့ဝင်,ပြည်သူ့လွှတ်တော် အမိန့်ကြော်ငြာစာအမှတ် ၁၅/၂၀၁၇အရ ထပ်မံထည့်သွင်း
LWMP-02-0035,ဦးဘုန်းမြင့်အောင်,ဒိုက်ဦးမဲဆန္ဒနယ်,ပြည်သူ့လွှတ်တော်,ပြည်သူ့လွှတ်တော် နိုင်ငံသားများ၏ မူလအခွင့်အရေးဆိုင်ရာကော်မတီ,အဖွဲ့ဝင်,ပြည်သူ့လွှတ်တော် အမိန့်ကြော်ငြာစာအမှတ် ၁၅/၂၀၁၇အရ ထပ်မံထည့်သွင်း
LWMP-02-0024,ဦးခင်မောင်ရီ,ဟင်္သာတမဲဆန္ဒနယ်,ပြည်သူ့လွှတ်တော်,ပြည်သူ့လွှတ်တော် ပညာရေးမြှင့်တင်မှုကော်မတီ,အဖွဲ့ဝင်,ပြည်သူ့လွှတ်တော် အမိန့်ကြော်ငြာစာအမှတ် ၁၅/၂၀၁၇အရ ထပ်မံထည့်သွင်း
LWMP-02-0006,ဦးသန်းအောင်,ငပုတောမဲဆန္ဒနယ်,ပြည်သူ့လွှတ်တော်,ပြည်သူ့လွှတ်တော် ပညာရေးမြှင့်တင်မှုကော်မတီ,အဖွဲ့ဝင်,ပြည်သူ့လွှတ်တော် အမိန့်ကြော်ငြာစာအမှတ် ၁၅/၂၀၁၇အရ ထပ်မံထည့်သွင်း
LWMP-02-0077,ဒေါ်စန်းစန်းအိ,မိုးညှင်းမဲဆန္ဒနယ်,ပြည်သူ့လွှတ်တော်,ပြည်သူ့လွှတ်တော် ကျန်းမာရေးနှင့် အားကစားဖွံ့ဖြိုးတိုးတက်ရေးကော်မတီ,အဖွဲ့ဝင်,ပြည်သူ့လွှတ်တော် အမိန့်ကြော်ငြာစာအမှတ် ၁၅/၂၀၁၇အရ ထပ်မံထည့်သွင်း
LWMP-02-0297,ဦးမြင့်လွင်,တွံတေးမဲဆန္ဒနယ်,ပြည်သူ့လွှတ်တော်,ပြည်သူ့လွှတ်တော် ကျန်းမာရေးနှင့် အားကစားဖွံ့ဖြိုးတိုးတက်ရေးကော်မတီ,အဖွဲ့ဝင်,ပြည်သူ့လွှတ်တော် အမိန့်ကြော်ငြာစာအမှတ် ၁၅/၂၀၁၇အရ ထပ်မံထည့်သွင်း
LWMP-02-0321,ဒေါ်ခင်မို့မို့အောင်,လသာမဲဆန္ဒနယ်,ပြည်သူ့လွှတ်တော်,ပြည်သူ့လွှတ်တော် ဘဏ်များနှင့်ငွေကြေးဆိုင်ရာ ဖွံ့ဖြိုးတိုးတက်ရေးကော်မတီ,အဖွဲ့ဝင်,ပြည်သူ့လွှတ်တော် အမိန့်ကြော်ငြာစာအမှတ် ၁၅/၂၀၁၇အရ ထပ်မံထည့်သွင်း
LWMP-02-0209,ဦးနေစိုးအောင်,ဝန်းသိုမဲဆန္ဒနယ်,ပြည်သူ့လွှတ်တော်,ပြည်သူ့လွှတ်တော် ဘဏ်များနှင့်ငွေကြေးဆိုင်ရာ ဖွံ့ဖြိုးတိုးတက်ရေးကော်မတီ,အဖွဲ့ဝင်,ပြည်သူ့လွှတ်တော် အမိန့်ကြော်ငြာစာအမှတ် ၁၅/၂၀၁၇အရ ထပ်မံထည့်သွင်း
LWMP-02-0051,ဦးအောင်မြင့်,သာယာဝတီမဲဆန္ဒနယ်,ပြည်သူ့လွှတ်တော်,ပြည်သူ့လွှတ်တော် စိုက်ပျိုးရေး၊ မွေးမြူရေးနှင့် ကျေးလက်လူမှုဘဝဖွံ့ဖြိုးတိုးတက်ရေးကော်မတီ,အဖွဲ့ဝင်,ပြည်သူ့လွှတ်တော် အမိန့်ကြော်ငြာစာအမှတ် ၁၅/၂၀၁၇အရ ထပ်မံထည့်သွင်း
LWMP-02-0104,ဦးကျော်တင်,ဆောမဲဆန္ဒနယ်,ပြည်သူ့လွှတ်တော်,ပြည်သူ့လွှတ်တော် စိုက်ပျိုးရေး၊ မွေးမြူရေးနှင့် ကျေးလက်လူမှုဘဝဖွံ့ဖြိုးတိုးတက်ရေးကော်မတီ,အဖွဲ့ဝင်,ပြည်သူ့လွှတ်တော် အမိန့်ကြော်ငြာစာအမှတ် ၁၅/၂၀၁၇အရ ထပ်မံထည့်သွင်း
LWMP-02-0208,ဦးမြင့်သိန်း,ဝက်လက်မဲဆန္ဒနယ်,ပြည်သူ့လွှတ်တော်,ပြည်သူ့လွှတ်တော်တောင်သူသမားနှင့် အလုပ်သမားရေးရာကော်မတီ,အဖွဲ့ဝင်,ပြည်သူ့လွှတ်တော် အမိန့်ကြော်ငြာစာအမှတ် ၁၅/၂၀၁၇အရ ထပ်မံထည့်သွင်း
LWMP-02-0251,ဦးစိုင်းထွန်းအောင်,မိုင်းယောင်းမဲဆန္ဒနယ်,ပြည်သူ့လွှတ်တော်,ပြည်သူ့လွှတ်တော်တောင်သူသမားနှင့် အလုပ်သမားရေးရာကော်မတီ,အဖွဲ့ဝင်,ပြည်သူ့လွှတ်တော် အမိန့်ကြော်ငြာစာအမှတ် ၁၅/၂၀၁၇အရ ထပ်မံထည့်သွင်း
LWMP-02-0155,ဦးနိုင်သောင်းညွန့်,မော်လမြိုင်မဲဆန္ဒနယ်,ပြည်သူ့လွှတ်တော်,ပြည်သူ့လွှတ်တော်တောင်သူသမားနှင့် အလုပ်သမားရေးရာကော်မတီ,အဖွဲ့ဝင်,ပြည်သူ့လွှတ်တော် အမိန့်ကြော်ငြာစာအမှတ် ၁၅/၂၀၁၇အရ ထပ်မံထည့်သွင်း
LWMP-02-0241,ဦးတိုးသောင်,မိုးမိတ်မဲဆန္ဒနယ်,ပြည်သူ့လွှတ်တော်,ပြည်သူ့လွှတ်တော် သယံဇာတနှင့် သဘာဝပတ်ဝန်းကျင်ထိန်းသိမ်းရေးဆိုင်ရာကော်မတီ,အဖွဲ့ဝင်,ပြည်သူ့လွှတ်တော် အမိန့်ကြော်ငြာစာအမှတ် ၁၅/၂၀၁၇အရ ထပ်မံထည့်သွင်း
LWMP-02-0101,ဦးကျော်အောင်လွင်,စေတုတ္တရာမဲဆန္ဒနယ်,ပြည်သူ့လွှတ်တော်,ပြည်သူ့လွှတ်တော် သယံဇာတနှင့် သဘာဝပတ်ဝန်းကျင်ထိန်းသိမ်းရေးဆိုင်ရာကော်မတီ,အဖွဲ့ဝင်,ပြည်သူ့လွှတ်တော် အမိန့်ကြော်ငြာစာအမှတ် ၁၅/၂၀၁၇အရ ထပ်မံထည့်သွင်း
LWMP-02-0289,ဦးဇော်ဝင်း,ကြည့်မြင်တိုင်မဲဆန္ဒနယ်,ပြည်သူ့လွှတ်တော်,ပြည်သူ့လွှတ်တော် စီးပွားရေးနှင့်ဘဏ္ဍာရေးဖွံ့ဖြိုးတိုးတက်ရေးကော်မတီ,အဖွဲ့ဝင်,ပြည်သူ့လွှတ်တော် အမိန့်ကြော်ငြာစာအမှတ် ၁၅/၂၀၁၇အရ ထပ်မံထည့်သွင်း
LWMP-02-0114,ဦးကျော်ကြီး (ခ) ဦးအုန်းခင်,မင်းလှမဲဆန္ဒနယ်,ပြည်သူ့လွှတ်တော်,ပြည်သူ့လွှတ်တော် စီးပွားရေးနှင့်ဘဏ္ဍာရေးဖွံ့ဖြိုးတိုးတက်ရေးကော်မတီ,အဖွဲ့ဝင်,ပြည်သူ့လွှတ်တော် အမိန့်ကြော်ငြာစာအမှတ် ၁၅/၂၀၁၇အရ ထပ်မံထည့်သွင်း
,ဦးသန်းလင်းလင်း,မယ်စဲ့မဲဆန္ဒနယ်,ပြည်သူ့လွှတ်တော်,ပြည်သူ့လွှတ်တော် ပို့ဆောင်ရေး၊ ဆက်သွယ်ရေးနှင့် ဆောက်လုပ်ရေးကော်မတီ,အဖွဲ့ဝင်,ပြည်သူ့လွှတ်တော် အမိန့်ကြော်ငြာစာအမှတ် ၁၅/၂၀၁၇အရ ထပ်မံထည့်သွင်း
,ဦးထွန်းဝေ,ဖောင်းပြင်မဲဆန္ဒနယ်,ပြည်သူ့လွှတ်တော်,ပြည်သူ့လွှတ်တော် ပို့ဆောင်ရေး၊ ဆက်သွယ်ရေးနှင့် ဆောက်လုပ်ရေးကော်မတီ,အဖွဲ့ဝင်,ပြည်သူ့လွှတ်တော် အမိန့်ကြော်ငြာစာအမှတ် ၁၅/၂၀၁၇အရ ထပ်မံထည့်သွင်း
LWMP-02-0099,ဦးစိုးမြင့် (ခ) ဦးစိုးလွင်,ငဖဲမဲဆန္ဒနယ်,ပြည်သူ့လွှတ်တော်,ပြည်သူ့လွှတ်တော် ရင်းနှီးမြှပ်နှံမှုနှင့် စက်မှုလက်မှုဖွံ့ဖြိုးတိုးတက်ရေးကော်မတီ,အဖွဲ့ဝင်,ပြည်သူ့လွှတ်တော် အမိန့်ကြော်ငြာစာအမှတ် ၁၅/၂၀၁၇အရ ထပ်မံထည့်သွင်း
LWMP-02-0199,ဦးစိုးစံသက်ထွန်း,မြင်းမူမဲဆန္ဒနယ်,ပြည်သူ့လွှတ်တော်,ပြည်သူ့လွှတ်တော် ရင်းနှီးမြှပ်နှံမှုနှင့် စက်မှုလက်မှုဖွံ့ဖြိုးတိုးတက်ရေးကော်မတီ,အဖွဲ့ဝင်,ပြည်သူ့လွှတ်တော် အမိန့်ကြော်ငြာစာအမှတ် ၁၅/၂၀၁၇အရ ထပ်မံထည့်သွင်း
LWMP-02-0258,ဦးအောင်စိုးမင်း,ရွာငံမဲဆန္ဒနယ်,ပြည်သူ့လွှတ်တော်,ပြည်သူ့လွှတ်တော် လျှပ်စစ်နှင့် စွမ်းအင်ဖွံ့ဖြိုးတိုးတက်ရေးကော်မတီ,အဖွဲ့ဝင်,ပြည်သူ့လွှတ်တော် အမိန့်ကြော်ငြာစာအမှတ် ၁၅/၂၀၁၇အရ ထပ်မံထည့်သွင်း
LWMP-02-0178,ဦးထွန်းဝင်း,ကျွန်းလှမဲဆန္ဒနယ်,ပြည်သူ့လွှတ်တော်,ပြည်သူ့လွှတ်တော် လျှပ်စစ်နှင့် စွမ်းအင်ဖွံ့ဖြိုးတိုးတက်ရေးကော်မတီ,အဖွဲ့ဝင်,ပြည်သူ့လွှတ်တော် အမိန့်ကြော်ငြာစာအမှတ် ၁၅/၂၀၁၇အရ ထပ်မံထည့်သွင်း
LWMP-02-0014,ဦးမင်းသိုင်း,ဘိုကလေးမဲဆန္ဒနယ်,ပြည်သူ့လွှတ်တော်,ပြည်သူ့လွှတ်တော် ပြည်သူ့ရေးရာစီမံခန့်ခွဲမှုကော်မတီ,အဖွဲ့ဝင်,ပြည်သူ့လွှတ်တော် အမိန့်ကြော်ငြာစာအမှတ် ၁၅/၂၀၁၇အရ ထပ်မံထည့်သွင်း
LWMP-02-0018,ဦးဝင်းဆွေ,မော်လမြိုင်ကျွန်းမဲဆန္ဒနယ်,ပြည်သူ့လွှတ်တော်,ပြည်သူ့လွှတ်တော် ပြည်သူ့ရေးရာစီမံခန့်ခွဲမှုကော်မတီ,အဖွဲ့ဝင်,ပြည်သူ့လွှတ်တော် အမိန့်ကြော်ငြာစာအမှတ် ၁၅/၂၀၁၇အရ ထပ်မံထည့်သွင်း
LWMP-02-0052,ဦးအောင်သန်း,သဲကုန်းမဲဆန္ဒနယ်,ပြည်သူ့လွှတ်တော်,ပြည်သူ့လွှတ်တော် ပြည်သူ့ရေးရာစီမံခန့်ခွဲမှုကော်မတီ,အဖွဲ့ဝင်,ပြည်သူ့လွှတ်တော် အမိန့်ကြော်ငြာစာအမှတ် ၁၅/၂၀၁၇အရ ထပ်မံထည့်သွင်း
LWMP-02-0212,ဒေါက်တာဦးခင်မောင်သင်း,အရာတော်မဲဆန္ဒနယ်,ပြည်သူ့လွှတ်တော်,ပြည်သူ့လွှတ်တော် တရားစီရင်ရေးနှင့် ဥပဒေရေးရာကော်မတီ,အဖွဲ့ဝင်,ပြည်သူ့လွှတ်တော် အမိန့်ကြော်ငြာစာအမှတ် ၁၅/၂၀၁၇အရ ထပ်မံထည့်သွင်း
,ဦးထွန်းထွန်းဝင်း,ရမည်းသင်းမဲဆန္ဒနယ်,ပြည်သူ့လွှတ်တော်,ပြည်သူ့လွှတ်တော် တရားစီရင်ရေးနှင့် ဥပဒေရေးရာကော်မတီ,အဖွဲ့ဝင်,ပြည်သူ့လွှတ်တော် အမိန့်ကြော်ငြာစာအမှတ် ၁၅/၂၀၁၇အရ ထပ်မံထည့်သွင်း
